-- MariaDB dump 10.19  Distrib 10.4.32-MariaDB, for Win64 (AMD64)
--
-- Host: localhost    Database: tesa_syllabus_monitor
-- ------------------------------------------------------
-- Server version	10.4.32-MariaDB

/*!40101 SET @OLD_CHARACTER_SET_CLIENT=@@CHARACTER_SET_CLIENT */;
/*!40101 SET @OLD_CHARACTER_SET_RESULTS=@@CHARACTER_SET_RESULTS */;
/*!40101 SET @OLD_COLLATION_CONNECTION=@@COLLATION_CONNECTION */;
/*!40101 SET NAMES utf8mb4 */;
/*!40103 SET @OLD_TIME_ZONE=@@TIME_ZONE */;
/*!40103 SET TIME_ZONE='+00:00' */;
/*!40014 SET @OLD_UNIQUE_CHECKS=@@UNIQUE_CHECKS, UNIQUE_CHECKS=0 */;
/*!40014 SET @OLD_FOREIGN_KEY_CHECKS=@@FOREIGN_KEY_CHECKS, FOREIGN_KEY_CHECKS=0 */;
/*!40101 SET @OLD_SQL_MODE=@@SQL_MODE, SQL_MODE='NO_AUTO_VALUE_ON_ZERO' */;
/*!40111 SET @OLD_SQL_NOTES=@@SQL_NOTES, SQL_NOTES=0 */;

--
-- Table structure for table `calificaciones_cache`
--

DROP TABLE IF EXISTS `calificaciones_cache`;
/*!40101 SET @saved_cs_client     = @@character_set_client */;
/*!40101 SET character_set_client = utf8 */;
CREATE TABLE `calificaciones_cache` (
  `id` int(11) NOT NULL AUTO_INCREMENT,
  `clase_id` int(11) NOT NULL,
  `grade_item_id` int(11) NOT NULL,
  `nombre_item` varchar(300) DEFAULT NULL,
  `max_puntos` decimal(10,2) DEFAULT NULL,
  `excluir_calculo` tinyint(1) DEFAULT 0,
  `categoria_id` int(11) DEFAULT NULL,
  `peso` decimal(10,2) DEFAULT NULL,
  `fecha_cache` timestamp NOT NULL DEFAULT current_timestamp(),
  PRIMARY KEY (`id`),
  KEY `idx_clase_id` (`clase_id`),
  KEY `idx_excluir` (`excluir_calculo`),
  CONSTRAINT `calificaciones_cache_ibfk_1` FOREIGN KEY (`clase_id`) REFERENCES `clases` (`id`) ON DELETE CASCADE
) ENGINE=InnoDB DEFAULT CHARSET=utf8mb4 COLLATE=utf8mb4_unicode_ci;
/*!40101 SET character_set_client = @saved_cs_client */;

--
-- Dumping data for table `calificaciones_cache`
--

LOCK TABLES `calificaciones_cache` WRITE;
/*!40000 ALTER TABLE `calificaciones_cache` DISABLE KEYS */;
/*!40000 ALTER TABLE `calificaciones_cache` ENABLE KEYS */;
UNLOCK TABLES;

--
-- Table structure for table `carreras`
--

DROP TABLE IF EXISTS `carreras`;
/*!40101 SET @saved_cs_client     = @@character_set_client */;
/*!40101 SET character_set_client = utf8 */;
CREATE TABLE `carreras` (
  `id` int(11) NOT NULL AUTO_INCREMENT,
  `codigo` varchar(10) NOT NULL,
  `nombre` varchar(200) NOT NULL,
  `activo` tinyint(1) DEFAULT 1,
  `fecha_registro` timestamp NOT NULL DEFAULT current_timestamp(),
  PRIMARY KEY (`id`),
  UNIQUE KEY `codigo` (`codigo`),
  KEY `idx_codigo` (`codigo`)
) ENGINE=InnoDB AUTO_INCREMENT=17 DEFAULT CHARSET=utf8mb4 COLLATE=utf8mb4_unicode_ci;
/*!40101 SET character_set_client = @saved_cs_client */;

--
-- Dumping data for table `carreras`
--

LOCK TABLES `carreras` WRITE;
/*!40000 ALTER TABLE `carreras` DISABLE KEYS */;
INSERT INTO `carreras` VALUES (1,'ADM','TECNOLOGÍA SUPERIOR EN ADMINISTRACIÓN',1,'2025-10-15 20:33:53'),(2,'MKT','TECNOLOGÍA SUPERIOR EN MARKETING DIGITAL',1,'2025-10-15 20:33:53'),(3,'DERMA','TECNOLOGÍA SUPERIOR EN DERMATOCOSMIATRÍA',1,'2025-10-15 20:33:53'),(4,'ADENT','TECNOLOGÍA SUPERIOR EN APARATOLOGÍA DENTAL',1,'2025-10-15 20:33:53'),(5,'DIGMOD','TECNOLOGÍA SUPERIOR EN DISEÑO Y GESTIÓN DE MODAS',1,'2025-10-15 20:33:53'),(6,'CIBER','TECNOLOGÍA SUPERIOR EN CIBERSEGURIDAD',1,'2025-10-15 20:33:53'),(7,'POD','TECNOLOGÍA SUPERIOR EN PODOLOGÍA',1,'2025-10-15 20:33:53'),(8,'DSOFT','TECNOLOGÍA SUPERIOR EN DESARROLLO DE SOFTWARE Y PROGRAMACIÓN',1,'2025-10-15 20:33:53'),(9,'ENF','ENFERMERÍA',1,'2025-10-15 20:33:53'),(10,'FPS','TECNOLOGÍA SUPERIOR EN FINANZAS POPULARES Y SOLIDARIAS',1,'2025-10-15 20:33:53'),(11,'EMED','EMERGENCIAS MÉDICAS',1,'2025-10-15 20:33:53'),(12,'CRIM','CRIMINALÍSTICA',1,'2025-10-15 20:33:53'),(13,'GTH','GESTIÓN DEL TALENTO HUMANO',1,'2025-10-23 20:49:14'),(14,'FISIO','FISIOTERAPIA',1,'2025-10-23 20:49:14'),(15,'PUB','PUBLICIDAD',1,'2025-10-23 20:49:14'),(16,'EAL','ELECTIVAS ACADÉMICAS Y LIBRES',1,'2025-10-23 20:49:14');
/*!40000 ALTER TABLE `carreras` ENABLE KEYS */;
UNLOCK TABLES;

--
-- Table structure for table `clases`
--

DROP TABLE IF EXISTS `clases`;
/*!40101 SET @saved_cs_client     = @@character_set_client */;
/*!40101 SET character_set_client = utf8 */;
CREATE TABLE `clases` (
  `id` int(11) NOT NULL AUTO_INCREMENT,
  `org_unit_id` int(11) NOT NULL,
  `periodo_id` int(11) NOT NULL,
  `carrera_id` int(11) DEFAULT NULL,
  `nrc` varchar(20) NOT NULL,
  `nombre_completo` varchar(300) NOT NULL,
  `codigo_clase` varchar(100) DEFAULT NULL,
  `tiene_syllabus` enum('SI','NO','PENDIENTE') DEFAULT 'PENDIENTE',
  `calificacion_final` decimal(10,2) DEFAULT 0.00,
  `total_documentos` int(11) DEFAULT 0,
  `fecha_registro` timestamp NOT NULL DEFAULT current_timestamp(),
  `fecha_actualizacion` timestamp NOT NULL DEFAULT current_timestamp() ON UPDATE current_timestamp(),
  PRIMARY KEY (`id`),
  UNIQUE KEY `org_unit_id` (`org_unit_id`),
  KEY `idx_periodo` (`periodo_id`),
  KEY `idx_carrera` (`carrera_id`),
  KEY `idx_nrc` (`nrc`),
  KEY `idx_org_unit_id` (`org_unit_id`),
  CONSTRAINT `clases_ibfk_1` FOREIGN KEY (`periodo_id`) REFERENCES `periodos` (`id`) ON DELETE CASCADE,
  CONSTRAINT `clases_ibfk_2` FOREIGN KEY (`carrera_id`) REFERENCES `carreras` (`id`) ON DELETE SET NULL
) ENGINE=InnoDB AUTO_INCREMENT=3100 DEFAULT CHARSET=utf8mb4 COLLATE=utf8mb4_unicode_ci;
/*!40101 SET character_set_client = @saved_cs_client */;

--
-- Dumping data for table `clases`
--

LOCK TABLES `clases` WRITE;
/*!40000 ALTER TABLE `clases` DISABLE KEYS */;
INSERT INTO `clases` VALUES (2055,12387,17,4,'2687','25.S1.ADENT4002.HB.B.2687 - ORTOPEDIA DENTAL 2','25.S1.ADENT4002.HB.B.2687','SI',85.00,18,'2025-11-05 15:26:46','2025-11-05 15:26:49'),(2056,12388,17,5,'2704','25.S1.DIGMOD4003.PR.B.2704 - ATELIER DE ALTA COSTURA','25.S1.DIGMOD4003.PR.B.2704','SI',85.00,8,'2025-11-05 15:26:46','2025-11-05 15:26:50'),(2057,12389,17,5,'2689','25.S1.DIGMOD1003.PR.A.2689 - ATELIER DE MODA 1','25.S1.DIGMOD1003.PR.A.2689','SI',85.00,0,'2025-11-05 15:26:46','2025-11-05 15:26:52'),(2058,12390,17,5,'2690','25.S1.DIGMOD2003.PR.A.2690 - ATELIER DE MODA 2','25.S1.DIGMOD2003.PR.A.2690','SI',85.00,6,'2025-11-05 15:26:46','2025-11-05 15:26:53'),(2059,12391,17,5,'2692','25.S1.DIGMOD3003.PR.A.2692 - ATELIER DE MODA 3','25.S1.DIGMOD3003.PR.A.2692','SI',85.00,5,'2025-11-05 15:26:46','2025-11-05 15:26:54'),(2060,12392,17,5,'2695','25.S1.DIGMOD4002.PR.A.2695 - COLECCIÓN DE CALZADO','25.S1.DIGMOD4002.PR.A.2695','SI',85.00,38,'2025-11-05 15:26:46','2025-11-05 15:26:56'),(2061,12395,17,5,'2698','25.S1.DIGMOD1004.PR.B.2698 - FIGURÍN DE MODA','25.S1.DIGMOD1004.PR.B.2698','NO',85.00,0,'2025-11-05 15:26:46','2025-11-05 15:26:57'),(2062,12399,17,5,'2701','25.S1.DIGMOD2001.PR.B.2701 - ILUSTRACIÓN DE MODA','25.S1.DIGMOD2001.PR.B.2701','SI',84.90,5,'2025-11-05 15:26:46','2025-11-05 15:26:58'),(2063,12402,17,5,'2703','25.S1.DIGMOD3004.PR.B.2703 - PATRONAJE DIGITAL','25.S1.DIGMOD3004.PR.B.2703','SI',85.00,2,'2025-11-05 15:26:46','2025-11-05 15:27:00'),(2064,12406,17,13,'2708','25.S1.GTH-1001.VR.A.2708 - GESTIÓN DEL TALENTO HUMANO','25.S1.GTH-1001.VR.A.2708','SI',85.00,22,'2025-11-05 15:26:46','2025-11-05 15:27:02'),(2065,12407,17,1,'2707','25.S1.ADM-2001.VR.A.2707 - GESTIÓN DE PROCESOS Y CALIDAD','25.S1.ADM-2001.VR.A.2707','SI',85.00,12,'2025-11-05 15:26:46','2025-11-05 15:27:04'),(2066,12408,17,1,'2722','25.S1.ADM4002.VR.A.2722 - GESTIÓN TRIBUTARIA','25.S1.ADM4002.VR.A.2722','SI',85.00,6,'2025-11-05 15:26:46','2025-11-05 15:27:05'),(2067,12409,17,1,'2723','25.S1.ADM4002.VR.A.2723 - GESTIÓN TRIBUTARIA','25.S1.ADM4002.VR.A.2723','SI',85.00,6,'2025-11-05 15:26:46','2025-11-05 15:27:07'),(2068,12410,17,1,'2724','25.S1.ADM4002.VR.A.2724 - GESTIÓN TRIBUTARIA','25.S1.ADM4002.VR.A.2724','SI',85.00,6,'2025-11-05 15:26:46','2025-11-05 15:27:09'),(2069,12411,17,1,'2725','25.S1.ADM4002.VR.A.2725 - GESTIÓN TRIBUTARIA','25.S1.ADM4002.VR.A.2725','SI',85.00,38,'2025-11-05 15:26:46','2025-11-05 15:27:11'),(2070,12412,17,1,'2726','25.S1.ADM4002.VR.A.2726 - GESTIÓN TRIBUTARIA','25.S1.ADM4002.VR.A.2726','SI',85.00,44,'2025-11-05 15:26:46','2025-11-05 15:27:13'),(2071,12413,17,1,'2727','25.S1.ADM4002.VR.A.2727 - GESTIÓN TRIBUTARIA','25.S1.ADM4002.VR.A.2727','SI',85.00,37,'2025-11-05 15:26:46','2025-11-05 15:27:15'),(2072,12414,17,1,'2728','25.S1.ADM4002.VR.A.2728 - GESTIÓN TRIBUTARIA','25.S1.ADM4002.VR.A.2728','SI',85.00,13,'2025-11-05 15:26:46','2025-11-05 15:27:16'),(2073,12415,17,1,'2729','25.S1.ADM4002.VR.A.2729 - GESTIÓN TRIBUTARIA','25.S1.ADM4002.VR.A.2729','SI',85.00,13,'2025-11-05 15:26:46','2025-11-05 15:27:18'),(2074,12416,17,1,'2730','25.S1.ADM4002.VR.A.2730 - GESTIÓN TRIBUTARIA','25.S1.ADM4002.VR.A.2730','SI',85.00,7,'2025-11-05 15:26:46','2025-11-05 15:27:19'),(2075,12417,17,1,'2731','25.S1.ADM4002.VR.A.2731 - GESTIÓN TRIBUTARIA','25.S1.ADM4002.VR.A.2731','SI',85.00,31,'2025-11-05 15:26:46','2025-11-05 15:27:21'),(2076,12418,17,1,'2732','25.S1.ADM4002.VR.A.2732 - GESTIÓN TRIBUTARIA','25.S1.ADM4002.VR.A.2732','SI',85.00,31,'2025-11-05 15:26:46','2025-11-05 15:27:22'),(2077,12419,17,1,'2705','25.S1.ADM-1001.VR.A.2705 - INTRODUCCIÓN A LA ADMINISTRACIÓN','25.S1.ADM-1001.VR.A.2705','SI',85.00,24,'2025-11-05 15:26:46','2025-11-05 15:27:24'),(2078,12420,17,1,'2706','25.S1.ADM-1003.VR.A.2706 - INTRODUCCIÓN A LA ECONOMÍA','25.S1.ADM-1003.VR.A.2706','SI',85.00,20,'2025-11-05 15:26:46','2025-11-05 15:27:25'),(2079,12421,17,1,'2710','25.S1.ADM3002.VR.A.2710 - LOGÍSTICA Y OPERACIONES','25.S1.ADM3002.VR.A.2710','SI',85.00,9,'2025-11-05 15:26:46','2025-11-05 15:27:27'),(2080,12422,17,1,'2711','25.S1.ADM4001.VR.A.2711 - NEGOCIOS INTERNACIONALES','25.S1.ADM4001.VR.A.2711','SI',85.00,20,'2025-11-05 15:26:46','2025-11-05 15:27:28'),(2081,12423,17,1,'2712','25.S1.ADM4001.VR.A.2712 - NEGOCIOS INTERNACIONALES','25.S1.ADM4001.VR.A.2712','SI',85.00,13,'2025-11-05 15:26:46','2025-11-05 15:27:30'),(2082,12424,17,1,'2713','25.S1.ADM4001.VR.A.2713 - NEGOCIOS INTERNACIONALES','25.S1.ADM4001.VR.A.2713','SI',70.00,12,'2025-11-05 15:26:46','2025-11-05 15:27:31'),(2083,12425,17,1,'2714','25.S1.ADM4001.VR.A.2714 - NEGOCIOS INTERNACIONALES','25.S1.ADM4001.VR.A.2714','SI',85.00,3,'2025-11-05 15:26:46','2025-11-05 15:27:33'),(2084,12426,17,1,'2715','25.S1.ADM4001.VR.A.2715 - NEGOCIOS INTERNACIONALES','25.S1.ADM4001.VR.A.2715','SI',85.00,3,'2025-11-05 15:26:46','2025-11-05 15:27:34'),(2085,12427,17,1,'2716','25.S1.ADM4001.VR.A.2716 - NEGOCIOS INTERNACIONALES','25.S1.ADM4001.VR.A.2716','SI',85.00,3,'2025-11-05 15:26:46','2025-11-05 15:27:36'),(2086,12428,17,1,'2717','25.S1.ADM4001.VR.A.2717 - NEGOCIOS INTERNACIONALES','25.S1.ADM4001.VR.A.2717','SI',85.00,33,'2025-11-05 15:26:46','2025-11-05 15:27:38'),(2087,12429,17,1,'2718','25.S1.ADM4001.VR.A.2718 - NEGOCIOS INTERNACIONALES','25.S1.ADM4001.VR.A.2718','SI',85.00,34,'2025-11-05 15:26:46','2025-11-05 15:27:39'),(2088,12430,17,1,'2719','25.S1.ADM4001.VR.A.2719 - NEGOCIOS INTERNACIONALES','25.S1.ADM4001.VR.A.2719','SI',85.00,32,'2025-11-05 15:26:46','2025-11-05 15:27:41'),(2089,12431,17,1,'2720','25.S1.ADM4001.VR.A.2720 - NEGOCIOS INTERNACIONALES','25.S1.ADM4001.VR.A.2720','SI',85.00,24,'2025-11-05 15:26:46','2025-11-05 15:27:42'),(2090,12432,17,1,'2721','25.S1.ADM4001.VR.A.2721 - NEGOCIOS INTERNACIONALES','25.S1.ADM4001.VR.A.2721','SI',85.00,9,'2025-11-05 15:26:46','2025-11-05 15:27:44'),(2091,12433,17,1,'2709','25.S1.ADM3001.VR.A.2709 - PLANIFICACIÓN ESTRATÉGICA','25.S1.ADM3001.VR.A.2709','SI',85.00,15,'2025-11-05 15:26:46','2025-11-05 15:27:45'),(2092,12434,17,1,'2733','25.S1.ADM4004.VR.2733 - PROYECTO EMPRESARIAL','25.S1.ADM4004.VR.2733','SI',85.00,20,'2025-11-05 15:26:46','2025-11-05 15:27:47'),(2093,12435,17,1,'2734','25.S1.ADM4004.VR.2734 - PROYECTO EMPRESARIAL','25.S1.ADM4004.VR.2734','SI',85.00,18,'2025-11-05 15:26:46','2025-11-05 15:27:48'),(2094,12436,17,1,'2735','25.S1.ADM4004.VR.2735 - PROYECTO EMPRESARIAL','25.S1.ADM4004.VR.2735','SI',85.00,8,'2025-11-05 15:26:46','2025-11-05 15:27:50'),(2095,12437,17,1,'2736','25.S1.ADM4004.VR.2736 - PROYECTO EMPRESARIAL','25.S1.ADM4004.VR.2736','SI',85.00,18,'2025-11-05 15:26:46','2025-11-05 15:27:51'),(2096,12438,17,1,'2737','25.S1.ADM4004.VR.2737 - PROYECTO EMPRESARIAL','25.S1.ADM4004.VR.2737','SI',85.00,18,'2025-11-05 15:26:46','2025-11-05 15:27:52'),(2097,12441,17,1,'2740','25.S1.ADM4004.VR.2740 - PROYECTO EMPRESARIAL','25.S1.ADM4004.VR.2740','SI',85.00,16,'2025-11-05 15:26:46','2025-11-05 15:27:53'),(2098,12442,17,1,'2741','25.S1.ADM4004.VR.2741 - PROYECTO EMPRESARIAL','25.S1.ADM4004.VR.2741','SI',85.00,23,'2025-11-05 15:26:46','2025-11-05 15:27:55'),(2099,12443,17,1,'2742','25.S1.ADM4004.VR.2742 - PROYECTO EMPRESARIAL','25.S1.ADM4004.VR.2742','SI',85.00,1,'2025-11-05 15:26:46','2025-11-05 15:27:56'),(2100,12444,17,1,'2743','25.S1.ADM4004.VR.2743 - PROYECTO EMPRESARIAL','25.S1.ADM4004.VR.2743','SI',85.00,22,'2025-11-05 15:26:46','2025-11-05 15:27:58'),(2101,12445,17,7,'2744','25.S1.POD-1002.PR.A.2744 - ANATOMÍA DE LA EXTREMIDAD INFERIOR','25.S1.POD-1002.PR.A.2744','SI',85.00,5,'2025-11-05 15:26:46','2025-11-05 15:27:59'),(2102,12446,17,9,'2763','25.S1.ENF-1002.PR.A.2763 - ANATOMÍA Y FISIOLOGÍA HUMANA','25.S1.ENF-1002.PR.A.2763','SI',85.00,0,'2025-11-05 15:26:46','2025-11-05 15:28:01'),(2103,12447,17,9,'2764','25.S1.ENF-1002.PR.A.2764 - ANATOMÍA Y FISIOLOGÍA HUMANA','25.S1.ENF-1002.PR.A.2764','SI',85.00,0,'2025-11-05 15:26:46','2025-11-05 15:28:02'),(2104,12449,17,7,'2753','25.S1.POD-1004.PR.B.2753 - BIOLOGÍA CELULAR Y TISULAR','25.S1.POD-1004.PR.B.2753','SI',85.00,5,'2025-11-05 15:26:46','2025-11-05 15:28:04'),(2105,12450,17,7,'2749','25.S1.POD-3001.PR.A.2749 - BIOMECÁNICA PODOLÓGICA 1','25.S1.POD-3001.PR.A.2749','SI',85.00,13,'2025-11-05 15:26:46','2025-11-05 15:28:06'),(2106,12452,17,7,'2750','25.S1.POD-4001.PR.A.2750 - BIOMECÁNICA PODOLÓGICA 2','25.S1.POD-4001.PR.A.2750','SI',85.00,1,'2025-11-05 15:26:46','2025-11-05 15:28:07'),(2107,12454,17,7,'2751','25.S1.POD-4003.PR.A.2751 - DERMOESTÉTICA PODOLÓGICA','25.S1.POD-4003.PR.A.2751','SI',85.00,10,'2025-11-05 15:26:46','2025-11-05 15:28:08'),(2108,12455,17,9,'2767','25.S1.ENF-2003.PR.A.2767 - ENFERMERÍA DEL ADULTO','25.S1.ENF-2003.PR.A.2767','SI',85.00,18,'2025-11-05 15:26:46','2025-11-05 15:28:09'),(2109,12457,17,9,'2768','25.S1.ENF-4001.PR.A.2768 - ENFERMERÍA EN CUIDADOS INTENSIVOS Y URGENCIAS','25.S1.ENF-4001.PR.A.2768','SI',85.00,52,'2025-11-05 15:26:46','2025-11-05 15:28:11'),(2110,12459,17,9,'2775','25.S1.ENF-4003.HB.B.2775 - ENFERMERÍA EN SALUD OCUPACIONAL','25.S1.ENF-4003.HB.B.2775','SI',85.00,22,'2025-11-05 15:26:46','2025-11-05 15:28:12'),(2111,12460,17,9,'2774','25.S1.ENF-2001.PR.B.2774 - ENFERMERÍA MÉDICO-QUIRÚRGICA','25.S1.ENF-2001.PR.B.2774','SI',85.00,25,'2025-11-05 15:26:46','2025-11-05 15:28:14'),(2112,12461,17,9,'2773','25.S1.ENF-2002.PR.B.2773 - FARMACOLOGÍA','25.S1.ENF-2002.PR.B.2773','SI',85.00,0,'2025-11-05 15:26:46','2025-11-05 15:28:15'),(2113,12462,17,7,'2754','25.S1.POD-1003.PR.B.2754 - FISIOPATOLOGÍA DEL PIE','25.S1.POD-1003.PR.B.2754','SI',85.00,21,'2025-11-05 15:26:46','2025-11-05 15:28:16'),(2114,12463,17,9,'2760','25.S1.ENF-1001.PR.A.2760 - INTRODUCCIÓN A LA ENFERMERÍA','25.S1.ENF-1001.PR.A.2760','SI',85.00,19,'2025-11-05 15:26:46','2025-11-05 15:28:17'),(2115,12464,17,9,'2761','25.S1.ENF-1001.PR.A.2761 - INTRODUCCIÓN A LA ENFERMERÍA','25.S1.ENF-1001.PR.A.2761','SI',85.00,20,'2025-11-05 15:26:46','2025-11-05 15:28:19'),(2116,12466,17,7,'2745','25.S1.POD-1001.PR.A.2745 - INTRODUCCIÓN A LA PODOLOGÍA','25.S1.POD-1001.PR.A.2745','SI',85.00,13,'2025-11-05 15:26:46','2025-11-05 15:28:21'),(2117,12467,17,7,'2746','25.S1.POD-2004.PR.A.2746 - MICROBIOLOGÍA EN PODOLOGÍA','25.S1.POD-2004.PR.A.2746','SI',85.00,6,'2025-11-05 15:26:46','2025-11-05 15:28:22'),(2118,12468,17,9,'2770','25.S1.ENF-1003.PR.B.2770 - MICROBIOLOGÍA Y PARASITOLOGÍA','25.S1.ENF-1003.PR.B.2770','SI',80.00,0,'2025-11-05 15:26:46','2025-11-05 15:28:24'),(2119,12469,17,9,'2771','25.S1.ENF-1003.PR.B.2771 - MICROBIOLOGÍA Y PARASITOLOGÍA','25.S1.ENF-1003.PR.B.2771','SI',80.00,0,'2025-11-05 15:26:46','2025-11-05 15:28:25'),(2120,12471,17,3,'2766','25.S1.DERMA-3003.PR.A.2766 - NUTRICIÓN Y SALUD','25.S1.DERMA-3003.PR.A.2766','SI',85.00,15,'2025-11-05 15:26:46','2025-11-05 15:28:26'),(2121,12472,17,7,'2758','25.S1.POD-3002.PR.B.2758 - ORTOPODOLOGÍA 1','25.S1.POD-3002.PR.B.2758','SI',85.00,5,'2025-11-05 15:26:46','2025-11-05 15:28:27'),(2122,12474,17,7,'2759','25.S1.POD-4002.PR.B.2759 - ORTOPODOLOGÍA 2','25.S1.POD-4002.PR.B.2759','SI',85.00,1,'2025-11-05 15:26:46','2025-11-05 15:28:29'),(2123,12475,17,7,'2755','25.S1.POD-2002.PR.B.2755 - PIE DEPORTIVO Y TRAUMÁTICO','25.S1.POD-2002.PR.B.2755','SI',85.00,17,'2025-11-05 15:26:46','2025-11-05 15:28:30'),(2124,12476,17,7,'2757','25.S1.POD-3003.PR.B.2757 - PIE DIABÉTICO','25.S1.POD-3003.PR.B.2757','SI',85.00,15,'2025-11-05 15:26:46','2025-11-05 15:28:31'),(2125,12477,17,7,'2748','25.S1.POD-3004.PR.A.2748 - PIE GERIÁTRICO','25.S1.POD-3004.PR.A.2748','SI',85.00,11,'2025-11-05 15:26:46','2025-11-05 15:28:32'),(2126,12478,17,7,'2747','25.S1.POD-2003.PR.A.2747 - PIE INFANTIL','25.S1.POD-2003.PR.A.2747','SI',85.00,16,'2025-11-05 15:26:46','2025-11-05 15:28:34'),(2127,12482,17,7,'2756','25.S1.POD-2001.PR.B.2756 - TERAPEÚTICA PODOLÓGICA','25.S1.POD-2001.PR.B.2756','SI',85.00,11,'2025-11-05 15:26:46','2025-11-05 15:28:35'),(2128,12514,17,1,'2798','25.S1.ADM-1001.VR.A.2798 - INTRODUCCIÓN A LA ADMINISTRACIÓN','25.S1.ADM-1001.VR.A.2798','SI',85.00,24,'2025-11-05 15:26:46','2025-11-05 15:28:36'),(2129,12517,17,1,'2801','25.S1.ADM-1001.VR.A.2801 - INTRODUCCIÓN A LA ADMINISTRACIÓN','25.S1.ADM-1001.VR.A.2801','SI',85.00,26,'2025-11-05 15:26:46','2025-11-05 15:28:38'),(2130,12518,17,1,'2802','25.S1.ADM-1001.VR.A.2802 - INTRODUCCIÓN A LA ADMINISTRACIÓN','25.S1.ADM-1001.VR.A.2802','SI',85.00,26,'2025-11-05 15:26:46','2025-11-05 15:28:39'),(2131,12519,17,1,'2803','25.S1.ADM-1003.VR.A.2803 - INTRODUCCIÓN A LA ECONOMÍA','25.S1.ADM-1003.VR.A.2803','SI',85.00,8,'2025-11-05 15:26:46','2025-11-05 15:28:41'),(2132,12520,17,1,'2804','25.S1.ADM-1003.VR.A.2804 - INTRODUCCIÓN A LA ECONOMÍA','25.S1.ADM-1003.VR.A.2804','SI',85.00,10,'2025-11-05 15:26:46','2025-11-05 15:28:42'),(2133,12521,17,1,'2805','25.S1.ADM-1003.VR.A.2805 - INTRODUCCIÓN A LA ECONOMÍA','25.S1.ADM-1003.VR.A.2805','SI',85.00,15,'2025-11-05 15:26:46','2025-11-05 15:28:44'),(2134,12522,17,1,'2806','25.S1.ADM-1003.VR.A.2806 - INTRODUCCIÓN A LA ECONOMÍA','25.S1.ADM-1003.VR.A.2806','NO',150.00,13,'2025-11-05 15:26:46','2025-11-05 15:28:45'),(2135,12523,17,1,'2807','25.S1.ADM-1003.VR.A.2807 - INTRODUCCIÓN A LA ECONOMÍA','25.S1.ADM-1003.VR.A.2807','SI',85.00,20,'2025-11-05 15:26:46','2025-11-05 15:28:46'),(2136,12524,17,1,'2813','25.S1.ADM-1002.VR.B.2813 - CONTABILIDAD EMPRESARIAL','25.S1.ADM-1002.VR.B.2813','SI',85.00,23,'2025-11-05 15:26:46','2025-11-05 15:28:48'),(2137,12525,17,1,'2814','25.S1.ADM-1002.VR.B.2814 - CONTABILIDAD EMPRESARIAL','25.S1.ADM-1002.VR.B.2814','SI',85.00,15,'2025-11-05 15:26:46','2025-11-05 15:28:49'),(2138,12526,17,1,'2815','25.S1.ADM-1002.VR.B.2815 - CONTABILIDAD EMPRESARIAL','25.S1.ADM-1002.VR.B.2815','SI',85.00,24,'2025-11-05 15:26:46','2025-11-05 15:28:50'),(2139,12529,17,2,'2808','25.S1.MKT-1001.VR.B.2808 - INTRODUCCIÓN AL MARKETING','25.S1.MKT-1001.VR.B.2808','SI',85.00,12,'2025-11-05 15:26:46','2025-11-05 15:28:52'),(2140,12530,17,2,'2809','25.S1.MKT-1001.VR.B.2809 - INTRODUCCIÓN AL MARKETING','25.S1.MKT-1001.VR.B.2809','SI',85.00,42,'2025-11-05 15:26:46','2025-11-05 15:28:53'),(2141,12531,17,2,'2810','25.S1.MKT-1001.VR.B.2810 - INTRODUCCIÓN AL MARKETING','25.S1.MKT-1001.VR.B.2810','SI',85.00,41,'2025-11-05 15:26:46','2025-11-05 15:28:54'),(2142,12536,17,3,'2834','25.S1.DERMA2001.PR.A.2834 - ALTERACIONES PIGMENTARIAS DE LA PIEL','25.S1.DERMA2001.PR.A.2834','SI',85.00,16,'2025-11-05 15:26:46','2025-11-05 15:28:56'),(2143,12537,17,3,'2835','25.S1.DERMA2001.PR.A.2835 - ALTERACIONES PIGMENTARIAS DE LA PIEL','25.S1.DERMA2001.PR.A.2835','SI',85.00,14,'2025-11-05 15:26:46','2025-11-05 15:28:57'),(2144,12538,17,3,'2830','25.S1.DERMA1002.HB.A.2830 - ANATOMOFISIOLOGÍA DE LA PIEL','25.S1.DERMA1002.HB.A.2830','SI',85.00,14,'2025-11-05 15:26:46','2025-11-05 15:28:58'),(2145,12539,17,3,'2831','25.S1.DERMA1002.HB.A.2831 - ANATOMOFISIOLOGÍA DE LA PIEL','25.S1.DERMA1002.HB.A.2831','SI',85.00,19,'2025-11-05 15:26:46','2025-11-05 15:29:00'),(2146,12540,17,3,'2818','25.S1.DERMA1003.HB.B.2818 - DERMATOLOGÍA COSMÉTICA 1','25.S1.DERMA1003.HB.B.2818','SI',85.00,16,'2025-11-05 15:26:46','2025-11-05 15:29:02'),(2147,12541,17,3,'2819','25.S1.DERMA1003.HB.B.2819 - DERMATOLOGÍA COSMÉTICA 1','25.S1.DERMA1003.HB.B.2819','NO',85.00,0,'2025-11-05 15:26:46','2025-11-05 15:29:03'),(2148,12542,17,3,'2836','25.S1.DERMA2003.HB.A.2836 - DERMATOLOGÍA COSMÉTICA 2','25.S1.DERMA2003.HB.A.2836','SI',85.00,0,'2025-11-05 15:26:46','2025-11-05 15:29:05'),(2149,12543,17,3,'2837','25.S1.DERMA2003.HB.A.2837 - DERMATOLOGÍA COSMÉTICA 2','25.S1.DERMA2003.HB.A.2837','SI',85.00,0,'2025-11-05 15:26:46','2025-11-05 15:29:07'),(2150,12544,17,3,'2822','25.S1.DERMA2002.PR.B.2822 - DERMOEXFOLIACIÓN QUÍMICA','25.S1.DERMA2002.PR.B.2822','SI',85.00,0,'2025-11-05 15:26:46','2025-11-05 15:29:08'),(2151,12545,17,3,'2823','25.S1.DERMA2002.PR.B.2823 - DERMOEXFOLIACIÓN QUÍMICA','25.S1.DERMA2002.PR.B.2823','SI',85.00,0,'2025-11-05 15:26:46','2025-11-05 15:29:09'),(2152,12546,17,3,'2840','25.S1.DERMA3004.HB.A.2840 - DRENAJE LINFÁTICO','25.S1.DERMA3004.HB.A.2840','SI',85.00,12,'2025-11-05 15:26:46','2025-11-05 15:29:10'),(2153,12547,17,3,'2841','25.S1.DERMA3004.HB.A.2841 - DRENAJE LINFÁTICO','25.S1.DERMA3004.HB.A.2841','SI',100.00,12,'2025-11-05 15:26:46','2025-11-05 15:29:11'),(2154,12548,17,3,'2828','25.S1.DERMA4001.PR.B.2828 - ENVEJECIMIENTO CUTÁNEO','25.S1.DERMA4001.PR.B.2828','SI',85.00,13,'2025-11-05 15:26:46','2025-11-05 15:29:13'),(2155,12549,17,3,'2829','25.S1.DERMA4001.PR.B.2829 - ENVEJECIMIENTO CUTÁNEO','25.S1.DERMA4001.PR.B.2829','SI',85.00,13,'2025-11-05 15:26:46','2025-11-05 15:29:14'),(2156,12550,17,3,'2824','25.S1.DERMA3002.PR.B.2824 - ESTÉTICA CORPORAL AVANZADA 1','25.S1.DERMA3002.PR.B.2824','SI',85.00,5,'2025-11-05 15:26:46','2025-11-05 15:29:15'),(2157,12551,17,3,'2825','25.S1.DERMA3002.PR.B.2825 - ESTÉTICA CORPORAL AVANZADA 1','25.S1.DERMA3002.PR.B.2825','SI',85.00,5,'2025-11-05 15:26:46','2025-11-05 15:29:16'),(2158,12552,17,3,'2842','25.S1.DERMA4002.PR.A.2842 - ESTÉTICA CORPORAL AVANZADA 2','25.S1.DERMA4002.PR.A.2842','SI',100.00,6,'2025-11-05 15:26:46','2025-11-05 15:29:17'),(2159,12553,17,3,'2832','25.S1.DERMA1004.PR.A.2832 - FUNDAMENTOS DE QUÍMICA COSMÉTICA','25.S1.DERMA1004.PR.A.2832','SI',85.00,14,'2025-11-05 15:26:46','2025-11-05 15:29:19'),(2160,12554,17,3,'2833','25.S1.DERMA1004.PR.A.2833 - FUNDAMENTOS DE QUÍMICA COSMÉTICA','25.S1.DERMA1004.PR.A.2833','SI',85.00,15,'2025-11-05 15:26:46','2025-11-05 15:29:20'),(2161,12555,17,3,'2838','25.S1.DERMA3001.PR.A.2838 - LÁSER Y OTRAS TECNOLOGÍAS EN DERMOESTÉTICA','25.S1.DERMA3001.PR.A.2838','NO',85.00,0,'2025-11-05 15:26:46','2025-11-05 15:29:21'),(2162,12556,17,3,'2839','25.S1.DERMA3001.PR.A.2839 - LÁSER Y OTRAS TECNOLOGÍAS EN DERMOESTÉTICA','25.S1.DERMA3001.PR.A.2839','NO',85.00,0,'2025-11-05 15:26:46','2025-11-05 15:29:23'),(2163,12557,17,3,'2826','25.S1.DERMA3003.HB.B.2826 - NUTRICIÓN Y SALUD','25.S1.DERMA3003.HB.B.2826','SI',85.00,11,'2025-11-05 15:26:46','2025-11-05 15:29:24'),(2164,12558,17,3,'2827','25.S1.DERMA3003.HB.B.2827 - NUTRICIÓN Y SALUD','25.S1.DERMA3003.HB.B.2827','SI',85.00,10,'2025-11-05 15:26:46','2025-11-05 15:29:25'),(2165,12559,17,3,'2820','25.S1.DERMA1001.PR.B.2820 - PRINCIPIOS DE DERMATOCOSMIATRÍA','25.S1.DERMA1001.PR.B.2820','SI',85.00,7,'2025-11-05 15:26:46','2025-11-05 15:29:26'),(2166,12560,17,3,'2821','25.S1.DERMA1001.PR.B.2821 - PRINCIPIOS DE DERMATOCOSMIATRÍA','25.S1.DERMA1001.PR.B.2821','SI',85.00,0,'2025-11-05 15:26:46','2025-11-05 15:29:27'),(2167,12564,17,6,'2854','25.S1.CIBER-4001.VR.B.2854 - ANÁLISIS FORENSE DIGITAL','25.S1.CIBER-4001.VR.B.2854','SI',100.00,2,'2025-11-05 15:26:46','2025-11-05 15:29:29'),(2168,12565,17,6,'2851','25.S1.CIBER-3001.VR.A.2851 - CIBERINTELIGENCIA','25.S1.CIBER-3001.VR.A.2851','NO',105.00,0,'2025-11-05 15:26:46','2025-11-05 15:29:30'),(2169,12566,17,6,'2848','25.S1.CIBER-2003.VR.B.2848 - CRIPTOGRAFÍA','25.S1.CIBER-2003.VR.B.2848','SI',100.00,1,'2025-11-05 15:26:46','2025-11-05 15:29:32'),(2170,12568,17,6,'2853','25.S1.CIBER-4003.VR.A.2853 - GESTIÓN DE RIESGOS','25.S1.CIBER-4003.VR.A.2853','SI',80.00,0,'2025-11-05 15:26:46','2025-11-05 15:29:33'),(2171,12569,17,6,'2852','25.S1.CIBER-3002.VR.B.2852 - HACKING ÉTICO','25.S1.CIBER-3002.VR.B.2852','SI',110.00,0,'2025-11-05 15:26:46','2025-11-05 15:29:34'),(2172,12570,17,6,'2845','25.S1.CIBER-1001.VR.B.2845 - INTRODUCCIÓN A LA SEGURIDAD INFORMÁTICA','25.S1.CIBER-1001.VR.B.2845','SI',207.00,4,'2025-11-05 15:26:46','2025-11-05 15:29:35'),(2173,12571,17,6,'2846','25.S1.CIBER-1001.VR.B.2846 - INTRODUCCIÓN A LA SEGURIDAD INFORMÁTICA','25.S1.CIBER-1001.VR.B.2846','SI',207.00,3,'2025-11-05 15:26:46','2025-11-05 15:29:37'),(2174,12572,17,6,'2847','25.S1.CIBER-1001.VR.B.2847 - INTRODUCCIÓN A LA SEGURIDAD INFORMÁTICA','25.S1.CIBER-1001.VR.B.2847','SI',85.00,21,'2025-11-05 15:26:46','2025-11-05 15:29:38'),(2175,12575,17,6,'2850','25.S1.CIBER-3003.VR.A.2850 - SEGURIDAD EN LA RED','25.S1.CIBER-3003.VR.A.2850','SI',100.00,1,'2025-11-05 15:26:46','2025-11-05 15:29:40'),(2176,12576,17,6,'2849','25.S1.CIBER-2002.VR.B.2849 - SEGURIDAD EN SISTEMAS OPERATIVOS','25.S1.CIBER-2002.VR.B.2849','SI',85.00,13,'2025-11-05 15:26:46','2025-11-05 15:29:41'),(2177,12582,17,2,'2860','25.S1.MKT1001.VR.B.2860 - INTRODUCCIÓN AL MARKETING','25.S1.MKT1001.VR.B.2860','SI',85.00,29,'2025-11-05 15:26:46','2025-11-05 15:29:42'),(2178,12583,17,2,'2861','25.S1.MKT1001.VR.B.2861 - INTRODUCCIÓN AL MARKETING','25.S1.MKT1001.VR.B.2861','SI',85.00,1,'2025-11-05 15:26:46','2025-11-05 15:29:44'),(2179,12586,17,8,'2877','25.S1.DSOFT-4001.VR.A.2877 - APLICACIONES HÍBRIDAS','25.S1.DSOFT-4001.VR.A.2877','SI',90.00,6,'2025-11-05 15:26:46','2025-11-05 15:29:45'),(2180,12587,17,8,'2873','25.S1.DSOFT-2003.VR.A.2873 - BASE DE DATOS','25.S1.DSOFT-2003.VR.A.2873','SI',85.00,0,'2025-11-05 15:26:46','2025-11-05 15:29:46'),(2181,12588,17,8,'2875','25.S1.DSOFT-2001.VR.B.2875 - DESARROLLO WEB CLIENT-SIDE','25.S1.DSOFT-2001.VR.B.2875','SI',100.00,21,'2025-11-05 15:26:46','2025-11-05 15:29:48'),(2182,12591,17,8,'2871','25.S1.DSOFT-1001.VR.B.2871 - INTRODUCCIÓN A LA PROGRAMACIÓN','25.S1.DSOFT-1001.VR.B.2871','SI',185.00,49,'2025-11-05 15:26:46','2025-11-05 15:29:49'),(2183,12592,17,8,'2872','25.S1.DSOFT-1001.VR.B.2872 - INTRODUCCIÓN A LA PROGRAMACIÓN','25.S1.DSOFT-1001.VR.B.2872','SI',85.00,0,'2025-11-05 15:26:46','2025-11-05 15:29:51'),(2184,12593,17,8,'2867','25.S1.DSOFT-1002.VR.A.2867 - INTRODUCCIÓN A LAS COMPUTADORAS Y REDES','25.S1.DSOFT-1002.VR.A.2867','SI',100.00,2,'2025-11-05 15:26:46','2025-11-05 15:29:52'),(2185,12594,17,8,'2868','25.S1.DSOFT-1002.VR.A.2868 - INTRODUCCIÓN A LAS COMPUTADORAS Y REDES','25.S1.DSOFT-1002.VR.A.2868','SI',85.00,2,'2025-11-05 15:26:46','2025-11-05 15:29:54'),(2186,12595,17,8,'2869','25.S1.DSOFT-1002.VR.A.2869 - INTRODUCCIÓN A LAS COMPUTADORAS Y REDES','25.S1.DSOFT-1002.VR.A.2869','SI',100.00,2,'2025-11-05 15:26:46','2025-11-05 15:29:55'),(2187,12596,17,8,'2864','25.S1.DSOFT-1004.VR.A.2864 - LÓGICA MATEMÁTICA','25.S1.DSOFT-1004.VR.A.2864','SI',85.00,13,'2025-11-05 15:26:46','2025-11-05 15:29:57'),(2188,12597,17,8,'2865','25.S1.DSOFT-1004.VR.A.2865 - LÓGICA MATEMÁTICA','25.S1.DSOFT-1004.VR.A.2865','SI',85.00,13,'2025-11-05 15:26:46','2025-11-05 15:29:58'),(2189,12598,17,8,'2866','25.S1.DSOFT-1004.VR.A.2866 - LÓGICA MATEMÁTICA','25.S1.DSOFT-1004.VR.A.2866','SI',85.00,9,'2025-11-05 15:26:46','2025-11-05 15:30:00'),(2190,12600,17,8,'2878','25.S1.DSOFT-4003.VR.A.2878 - METODOLOGÍAS DE DESARROLLO','25.S1.DSOFT-4003.VR.A.2878','SI',85.00,1,'2025-11-05 15:26:46','2025-11-05 15:30:02'),(2191,12601,17,8,'2874','25.S1.DSOFT-2002.VR.A.2874 - PROGRAMACIÓN ORIENTADA A OBJETOS','25.S1.DSOFT-2002.VR.A.2874','SI',100.00,16,'2025-11-05 15:26:46','2025-11-05 15:30:04'),(2192,12602,17,2,'2891','25.S1.MKT4001.VR.A.2891 - ANALÍTICA WEB','25.S1.MKT4001.VR.A.2891','SI',86.00,4,'2025-11-05 15:26:46','2025-11-05 15:30:07'),(2193,12603,17,2,'2892','25.S1.MKT4001.VR.A.2892 - ANALÍTICA WEB','25.S1.MKT4001.VR.A.2892','SI',86.00,4,'2025-11-05 15:26:46','2025-11-05 15:30:09'),(2194,12604,17,2,'2893','25.S1.MKT4001.VR.A.2893 - ANALÍTICA WEB','25.S1.MKT4001.VR.A.2893','SI',91.00,5,'2025-11-05 15:26:46','2025-11-05 15:30:11'),(2195,12605,17,2,'2894','25.S1.MKT4001.VR.A.2894 - ANALÍTICA WEB','25.S1.MKT4001.VR.A.2894','SI',85.00,22,'2025-11-05 15:26:46','2025-11-05 15:30:13'),(2196,12606,17,2,'2895','25.S1.MKT4001.VR.A.2895 - ANALÍTICA WEB','25.S1.MKT4001.VR.A.2895','SI',75.00,22,'2025-11-05 15:26:46','2025-11-05 15:30:15'),(2197,12608,17,2,'2897','25.S1.MKT4001.VR.A.2897 - ANALÍTICA WEB','25.S1.MKT4001.VR.A.2897','NO',85.00,15,'2025-11-05 15:26:46','2025-11-05 15:30:17'),(2198,12609,17,2,'2898','25.S1.MKT4001.VR.A.2898 - ANALÍTICA WEB','25.S1.MKT4001.VR.A.2898','SI',85.00,8,'2025-11-05 15:26:46','2025-11-05 15:30:18'),(2199,12610,17,8,'2907','25.S1.DSOFT1001.VR.A.2907 - APLICACIONES MÓVILES','25.S1.DSOFT1001.VR.A.2907','SI',85.00,8,'2025-11-05 15:26:46','2025-11-05 15:30:19'),(2200,12611,17,8,'2908','25.S1.DSOFT1001.VR.A.2908 - APLICACIONES MÓVILES','25.S1.DSOFT1001.VR.A.2908','SI',85.00,8,'2025-11-05 15:26:46','2025-11-05 15:30:21'),(2201,12612,17,8,'2909','25.S1.DSOFT1001.VR.A.2909 - APLICACIONES MÓVILES','25.S1.DSOFT1001.VR.A.2909','SI',100.00,8,'2025-11-05 15:26:46','2025-11-05 15:30:22'),(2202,12613,17,8,'2910','25.S1.DSOFT1001.VR.A.2910 - APLICACIONES MÓVILES','25.S1.DSOFT1001.VR.A.2910','SI',85.00,9,'2025-11-05 15:26:46','2025-11-05 15:30:23'),(2203,12614,17,8,'2911','25.S1.DSOFT1001.VR.A.2911 - APLICACIONES MÓVILES','25.S1.DSOFT1001.VR.A.2911','SI',85.00,9,'2025-11-05 15:26:46','2025-11-05 15:30:25'),(2204,12615,17,8,'2912','25.S1.DSOFT1001.VR.A.2912 - APLICACIONES MÓVILES','25.S1.DSOFT1001.VR.A.2912','SI',85.00,9,'2025-11-05 15:26:46','2025-11-05 15:30:27'),(2205,12616,17,8,'2913','25.S1.DSOFT1001.VR.A.2913 - APLICACIONES MÓVILES','25.S1.DSOFT1001.VR.A.2913','SI',85.00,1,'2025-11-05 15:26:46','2025-11-05 15:30:29'),(2206,12619,17,15,'2879','25.S1.PUB1002.VR.A.2879 - CREATIVIDAD PUBLICITARIA','25.S1.PUB1002.VR.A.2879','SI',85.00,18,'2025-11-05 15:26:46','2025-11-05 15:30:30'),(2207,12620,17,15,'2880','25.S1.PUB1002.VR.A.2880 - CREATIVIDAD PUBLICITARIA','25.S1.PUB1002.VR.A.2880','SI',85.00,13,'2025-11-05 15:26:46','2025-11-05 15:30:32'),(2208,12621,17,2,'2890','25.S1.MKT3005.VR.B.2890 - CRM Y GESTIÓN DE VENTAS','25.S1.MKT3005.VR.B.2890','SI',85.00,35,'2025-11-05 15:26:46','2025-11-05 15:30:34'),(2209,12622,17,2,'2883','25.S1.MKT2001.VR.A.2883 - DISEÑO DE PÁGINAS WEB','25.S1.MKT2001.VR.A.2883','SI',80.00,7,'2025-11-05 15:26:46','2025-11-05 15:30:35'),(2210,12623,17,15,'2885','25.S1.PUB1003.VR.B.2885 - EDICIÓN Y MONTAJE DE VIDEO','25.S1.PUB1003.VR.B.2885','SI',85.00,11,'2025-11-05 15:26:46','2025-11-05 15:30:37'),(2211,12626,17,2,'2886','25.S1.MKT2003.VR.B.2886 - INVESTIGACIÓN Y SEGMENTACIÓN DE MERCADOS','25.S1.MKT2003.VR.B.2886','SI',85.00,27,'2025-11-05 15:26:46','2025-11-05 15:30:39'),(2212,12627,17,2,'2884','25.S1.MKT2002.VR.A.2884 - MARKETING DE CONTENIDOS','25.S1.MKT2002.VR.A.2884','SI',85.00,12,'2025-11-05 15:26:46','2025-11-05 15:30:40'),(2213,12628,17,2,'2915','25.S1.MKT4002.VR.B.2915 - MARKETING DE SERVICIOS','25.S1.MKT4002.VR.B.2915','SI',75.00,21,'2025-11-05 15:26:46','2025-11-05 15:30:42'),(2214,12629,17,2,'2916','25.S1.MKT4002.VR.B.2916 - MARKETING DE SERVICIOS','25.S1.MKT4002.VR.B.2916','SI',85.00,6,'2025-11-05 15:26:46','2025-11-05 15:30:44'),(2215,12630,17,2,'2917','25.S1.MKT4002.VR.B.2917 - MARKETING DE SERVICIOS','25.S1.MKT4002.VR.B.2917','SI',85.00,6,'2025-11-05 15:26:46','2025-11-05 15:30:45'),(2216,12631,17,2,'2918','25.S1.MKT4002.VR.B.2918 - MARKETING DE SERVICIOS','25.S1.MKT4002.VR.B.2918','SI',85.00,5,'2025-11-05 15:26:46','2025-11-05 15:30:47'),(2217,12632,17,2,'2919','25.S1.MKT4002.VR.B.2919 - MARKETING DE SERVICIOS','25.S1.MKT4002.VR.B.2919','SI',85.00,5,'2025-11-05 15:26:46','2025-11-05 15:30:48'),(2218,12633,17,2,'2920','25.S1.MKT4002.VR.B.2920 - MARKETING DE SERVICIOS','25.S1.MKT4002.VR.B.2920','SI',85.00,9,'2025-11-05 15:26:46','2025-11-05 15:30:49'),(2219,12634,17,2,'2921','25.S1.MKT4002.VR.B.2921 - MARKETING DE SERVICIOS','25.S1.MKT4002.VR.B.2921','SI',115.00,3,'2025-11-05 15:26:46','2025-11-05 15:30:51'),(2220,12635,17,2,'2922','25.S1.MKT4002.VR.B.2922 - MARKETING DE SERVICIOS','25.S1.MKT4002.VR.B.2922','SI',85.00,15,'2025-11-05 15:26:46','2025-11-05 15:30:52'),(2221,12636,17,2,'2888','25.S1.MKT3002.VR.A.2888 - PAUTAJE EN REDES SOCIALES','25.S1.MKT3002.VR.A.2888','SI',85.00,1,'2025-11-05 15:26:46','2025-11-05 15:30:54'),(2222,12637,17,2,'2899','25.S1.MKT4003.VR.2899 - PLAN DE MARKETING DIGITAL','25.S1.MKT4003.VR.2899','SI',85.00,18,'2025-11-05 15:26:46','2025-11-05 15:30:55'),(2223,12638,17,2,'2900','25.S1.MKT4003.VR.2900 - PLAN DE MARKETING DIGITAL','25.S1.MKT4003.VR.2900','SI',100.00,28,'2025-11-05 15:26:46','2025-11-05 15:30:57'),(2224,12639,17,2,'2901','25.S1.MKT4003.VR.2901 - PLAN DE MARKETING DIGITAL','25.S1.MKT4003.VR.2901','SI',85.00,23,'2025-11-05 15:26:46','2025-11-05 15:30:58'),(2225,12640,17,2,'2902','25.S1.MKT4003.VR.2902 - PLAN DE MARKETING DIGITAL','25.S1.MKT4003.VR.2902','SI',85.00,17,'2025-11-05 15:26:46','2025-11-05 15:31:00'),(2226,12643,17,2,'2905','25.S1.MKT4003.VR.2905 - PLAN DE MARKETING DIGITAL','25.S1.MKT4003.VR.2905','SI',105.00,22,'2025-11-05 15:26:46','2025-11-05 15:31:02'),(2227,12644,17,2,'2906','25.S1.MKT4003.VR.2906 - PLAN DE MARKETING DIGITAL','25.S1.MKT4003.VR.2906','SI',85.00,16,'2025-11-05 15:26:46','2025-11-05 15:31:04'),(2228,12645,17,2,'2887','25.S1.MKT3001.VR.A.2887 - SEM Y SEO','25.S1.MKT3001.VR.A.2887','SI',85.00,16,'2025-11-05 15:26:46','2025-11-05 15:31:05'),(2229,12646,17,2,'2923','25.S1.MKT3004.VR.B.2923 - E-COMMERCE TIENDAS Y BOTONES DE PAGO','25.S1.MKT3004.VR.B.2923','SI',90.00,9,'2025-11-05 15:26:46','2025-11-05 15:31:06'),(2230,12647,17,3,'2930','25.S1.DERMA4003.HB.B.2930 - ALTERACIONES DEL CUERO CABELLUDO','25.S1.DERMA4003.HB.B.2930','SI',85.00,7,'2025-11-05 15:26:46','2025-11-05 15:31:08'),(2231,12648,17,3,'2931','25.S1.DERMA4003.HB.B.2931 - ALTERACIONES DEL CUERO CABELLUDO','25.S1.DERMA4003.HB.B.2931','SI',85.00,7,'2025-11-05 15:26:46','2025-11-05 15:31:09'),(2232,12649,17,8,'2927','25.S1.DSOFT-1003.VR.B.2927 - INTRODUCCIÓN A MULTIMEDIA','25.S1.DSOFT-1003.VR.B.2927','SI',85.00,14,'2025-11-05 15:26:46','2025-11-05 15:31:10'),(2233,12650,17,8,'2928','25.S1.DSOFT-1003.VR.B.2928 - INTRODUCCIÓN A MULTIMEDIA','25.S1.DSOFT-1003.VR.B.2928','SI',85.00,14,'2025-11-05 15:26:46','2025-11-05 15:31:11'),(2234,12651,17,8,'2929','25.S1.DSOFT-1003.VR.B.2929 - INTRODUCCIÓN A MULTIMEDIA','25.S1.DSOFT-1003.VR.B.2929','SI',85.00,14,'2025-11-05 15:26:46','2025-11-05 15:31:13'),(2235,12653,17,8,'2926','25.S1.DSOFT-3003.VR.A.2926 - PYTHON Y ANALÍTICA DE DATOS','25.S1.DSOFT-3003.VR.A.2926','SI',90.00,15,'2025-11-05 15:26:46','2025-11-05 15:31:14'),(2236,12655,17,NULL,'2925','25.S1.DWEB-4004.VR.2925 - PROYECTO INTEGRAL DE DESARROLLO','25.S1.DWEB-4004.VR.2925','SI',100.00,3,'2025-11-05 15:26:46','2025-11-05 15:31:16'),(2237,12657,17,8,'2932','25.S1.DSOFT-4002.VR.B.2932 - QA CONTROL DE LA CALIDAD DEL SOFTWARE','25.S1.DSOFT-4002.VR.B.2932','SI',100.00,8,'2025-11-05 15:26:46','2025-11-05 15:31:17'),(2238,12658,17,6,'2924','25.S1.CIBER-3004.VR.B.2924 - SEGURIDAD Y AUDITORÍA DE BASE DE DATOS','25.S1.CIBER-3004.VR.B.2924','SI',100.00,24,'2025-11-05 15:26:46','2025-11-05 15:31:19'),(2239,12660,17,9,'2933','25.S1.ENF-4004.PR.B.2933 - ENFERMERÍA FAMILIAR Y COMUNITARIA','25.S1.ENF-4004.PR.B.2933','SI',85.00,19,'2025-11-05 15:26:46','2025-11-05 15:31:20'),(2240,12661,17,16,'2953','25.S1.EAL5003.VR.A.2953 - CULTURA DEL VINO','25.S1.EAL5003.VR.A.2953','SI',85.00,9,'2025-11-05 15:26:46','2025-11-05 15:31:22'),(2241,12662,17,16,'2954','25.S1.EAL5003.VR.A.2954 - CULTURA DEL VINO','25.S1.EAL5003.VR.A.2954','SI',85.00,44,'2025-11-05 15:26:46','2025-11-05 15:31:23'),(2242,12665,17,16,'2957','25.S1.EAL5003.VR.A.2957 - CULTURA DEL VINO','25.S1.EAL5003.VR.A.2957','SI',85.00,1,'2025-11-05 15:26:46','2025-11-05 15:31:25'),(2243,12667,17,16,'2963','25.S1.EAL5006.VR.B.2963 - CULTURA POLÍTICA','25.S1.EAL5006.VR.B.2963','NO',0.00,0,'2025-11-05 15:26:46','2025-11-05 15:31:26'),(2244,12668,17,16,'2961','25.S1.EAL5006.VR.A.2961 - CULTURA POLÍTICA','25.S1.EAL5006.VR.A.2961','SI',100.00,18,'2025-11-05 15:26:46','2025-11-05 15:31:28'),(2245,12669,17,16,'2964','25.S1.EAL5006.VR.A.2964 - CULTURA POLÍTICA','25.S1.EAL5006.VR.A.2964','SI',84.99,28,'2025-11-05 15:26:46','2025-11-05 15:31:30'),(2246,12670,17,16,'2965','25.S1.EAL5006.VR.A.2965 - CULTURA POLÍTICA','25.S1.EAL5006.VR.A.2965','SI',100.00,18,'2025-11-05 15:26:46','2025-11-05 15:31:31'),(2247,12671,17,16,'2966','25.S1.EAL5006.VR.A.2966 - CULTURA POLÍTICA','25.S1.EAL5006.VR.A.2966','SI',100.00,18,'2025-11-05 15:26:46','2025-11-05 15:31:33'),(2248,12672,17,16,'2967','25.S1.EAL5006.VR.A.2967 - CULTURA POLÍTICA','25.S1.EAL5006.VR.A.2967','NO',23.00,0,'2025-11-05 15:26:46','2025-11-05 15:31:34'),(2249,12673,17,16,'2968','25.S1.EAL5006.VR.A.2968 - CULTURA POLÍTICA','25.S1.EAL5006.VR.A.2968','SI',84.99,28,'2025-11-05 15:26:46','2025-11-05 15:31:36'),(2250,12674,17,16,'2969','25.S1.EAL5006.VR.A.2969 - CULTURA POLÍTICA','25.S1.EAL5006.VR.A.2969','SI',169.98,28,'2025-11-05 15:26:46','2025-11-05 15:31:38'),(2251,12675,17,16,'2970','25.S1.EAL5006.VR.A.2970 - CULTURA POLÍTICA','25.S1.EAL5006.VR.A.2970','SI',85.00,3,'2025-11-05 15:26:46','2025-11-05 15:31:39'),(2252,12676,17,16,'2971','25.S1.EAL5006.VR.A.2971 - CULTURA POLÍTICA','25.S1.EAL5006.VR.A.2971','NO',15.00,0,'2025-11-05 15:26:46','2025-11-05 15:31:40'),(2253,12678,17,16,'2934','25.S1.EAL5001.VR.A.2934 - ESCRITURA ACADÉMICA','25.S1.EAL5001.VR.A.2934','SI',85.00,9,'2025-11-05 15:26:46','2025-11-05 15:31:41'),(2254,12679,17,16,'2935','25.S1.EAL5001.VR.A.2935 - ESCRITURA ACADÉMICA','25.S1.EAL5001.VR.A.2935','SI',85.00,5,'2025-11-05 15:26:46','2025-11-05 15:31:43'),(2255,12680,17,16,'2936','25.S1.EAL5001.VR.A.2936 - ESCRITURA ACADÉMICA','25.S1.EAL5001.VR.A.2936','SI',85.00,4,'2025-11-05 15:26:46','2025-11-05 15:31:44'),(2256,12681,17,16,'2937','25.S1.EAL5001.VR.A.2937 - ESCRITURA ACADÉMICA','25.S1.EAL5001.VR.A.2937','SI',85.00,4,'2025-11-05 15:26:46','2025-11-05 15:31:45'),(2257,12684,17,16,'2940','25.S1.EAL5001.VR.A.2940 - ESCRITURA ACADÉMICA','25.S1.EAL5001.VR.A.2940','SI',85.00,0,'2025-11-05 15:26:46','2025-11-05 15:31:47'),(2258,12685,17,16,'2941','25.S1.EAL5001.VR.A.2941 - ESCRITURA ACADÉMICA','25.S1.EAL5001.VR.A.2941','SI',85.00,13,'2025-11-05 15:26:46','2025-11-05 15:31:48'),(2259,12686,17,16,'2942','25.S1.EAL5001.VR.A.2942 - ESCRITURA ACADÉMICA','25.S1.EAL5001.VR.A.2942','SI',85.00,23,'2025-11-05 15:26:46','2025-11-05 15:31:50'),(2260,12688,17,16,'2944','25.S1.EAL5001.VR.A.2944 - ESCRITURA ACADÉMICA','25.S1.EAL5001.VR.A.2944','SI',102.50,3,'2025-11-05 15:26:46','2025-11-05 15:31:52'),(2261,12689,17,16,'2945','25.S1.EAL5001.VR.A.2945 - ESCRITURA ACADÉMICA','25.S1.EAL5001.VR.A.2945','SI',85.00,8,'2025-11-05 15:26:46','2025-11-05 15:31:53'),(2262,12692,17,16,'2948','25.S1.EAL5001.VR.A.2948 - ESCRITURA ACADÉMICA','25.S1.EAL5001.VR.A.2948','SI',85.00,21,'2025-11-05 15:26:46','2025-11-05 15:31:55'),(2263,12693,17,16,'2949','25.S1.EAL5001.VR.A.2949 - ESCRITURA ACADÉMICA','25.S1.EAL5001.VR.A.2949','SI',85.00,16,'2025-11-05 15:26:46','2025-11-05 15:31:56'),(2264,12694,17,16,'2950','25.S1.EAL5001.VR.A.2950 - ESCRITURA ACADÉMICA','25.S1.EAL5001.VR.A.2950','SI',85.00,25,'2025-11-05 15:26:46','2025-11-05 15:31:58'),(2265,12695,17,16,'2951','25.S1.EAL5001.VR.A.2951 - ESCRITURA ACADÉMICA','25.S1.EAL5001.VR.A.2951','SI',85.00,6,'2025-11-05 15:26:46','2025-11-05 15:31:59'),(2266,12696,17,16,'2952','25.S1.EAL5001.VR.A.2952 - ESCRITURA ACADÉMICA','25.S1.EAL5001.VR.A.2952','SI',85.00,1,'2025-11-05 15:26:46','2025-11-05 15:32:01'),(2267,12700,17,16,'2977','25.S1.EAL5010.VR.B.2977 - ETIQUETA Y PROTOCOLO','25.S1.EAL5010.VR.B.2977','SI',85.00,7,'2025-11-05 15:26:46','2025-11-05 15:32:03'),(2268,12701,17,16,'2979','25.S1.EAL5010.VR.B.2979 - ETIQUETA Y PROTOCOLO','25.S1.EAL5010.VR.B.2979','SI',85.00,5,'2025-11-05 15:26:46','2025-11-05 15:32:04'),(2269,12709,17,16,'2978','25.S1.EAL5008.VR.B.2978 - HABILIDADES SOCIALES','25.S1.EAL5008.VR.B.2978','NO',0.00,0,'2025-11-05 15:26:46','2025-11-05 15:32:05'),(2270,12710,17,16,'2980','25.S1.EAL5008.VR.B.2980 - HABILIDADES SOCIALES','25.S1.EAL5008.VR.B.2980','SI',85.00,25,'2025-11-05 15:26:46','2025-11-05 15:32:07'),(2271,12711,17,16,'2982','25.S1.EAL5008.VR.B.2982 - HABILIDADES SOCIALES','25.S1.EAL5008.VR.B.2982','SI',85.00,19,'2025-11-05 15:26:46','2025-11-05 15:32:08'),(2272,12717,17,16,'2974','25.S1.EAL5002.VR.B.2974 - HABLAR EN PÚBLICO','25.S1.EAL5002.VR.B.2974','SI',95.00,23,'2025-11-05 15:26:46','2025-11-05 15:32:10'),(2273,12718,17,16,'2975','25.S1.EAL5002.VR.B.2975 - HABLAR EN PÚBLICO','25.S1.EAL5002.VR.B.2975','SI',85.00,8,'2025-11-05 15:26:46','2025-11-05 15:32:11'),(2274,12719,17,16,'2976','25.S1.EAL5002.VR.B.2976 - HABLAR EN PÚBLICO','25.S1.EAL5002.VR.B.2976','SI',85.00,8,'2025-11-05 15:26:46','2025-11-05 15:32:12'),(2275,12720,17,16,'2958','25.S1.EAL5009.VR.A.2958 - HISTORIA DEL ARTE','25.S1.EAL5009.VR.A.2958','SI',85.00,80,'2025-11-05 15:26:46','2025-11-05 15:32:14'),(2276,12721,17,16,'2959','25.S1.EAL5009.VR.A.2959 - HISTORIA DEL ARTE','25.S1.EAL5009.VR.A.2959','SI',85.00,14,'2025-11-05 15:26:46','2025-11-05 15:32:15'),(2277,12723,17,4,'2670','25.S1.ADENT3003.PR.A.2670 - APARATOLOGÍA FIJA 1','25.S1.ADENT3003.PR.A.2670','SI',85.00,9,'2025-11-05 15:26:46','2025-11-05 15:32:17'),(2278,12724,17,4,'2682','25.S1.ADENT3004.PR.B.2682 - APARATOLOGÍA SOBRE IMPLANTES','25.S1.ADENT3004.PR.B.2682','SI',85.00,9,'2025-11-05 15:26:46','2025-11-05 15:32:18'),(2279,12725,17,4,'2683','25.S1.ADENT3001.HB.B.2683 - DISEÑO DE SONRISA','25.S1.ADENT3001.HB.B.2683','SI',85.00,9,'2025-11-05 15:26:47','2025-11-05 15:32:19'),(2280,12726,17,4,'2671','25.S1.ADENT3002.HB.A.2671 - ORTOPEDIA DENTAL 1','25.S1.ADENT3002.HB.A.2671','SI',85.00,9,'2025-11-05 15:26:47','2025-11-05 15:32:20'),(2281,12727,17,4,'2668','25.S1.ADENT2001.HB.A.2668 - OCLUSIÓN DENTAL','25.S1.ADENT2001.HB.A.2668','SI',85.00,9,'2025-11-05 15:26:47','2025-11-05 15:32:21'),(2282,12728,17,4,'2681','25.S1.ADENT2003.HB.B.2681 - PPR APARATOLOGÍA PARCIAL REMOVIBLE','25.S1.ADENT2003.HB.B.2681','SI',85.00,15,'2025-11-05 15:26:47','2025-11-05 15:32:23'),(2283,12729,17,4,'2680','25.S1.ADENT2004.PR.B.2680 - PPR APARATOLOGÍA EN CROMO COBALTO','25.S1.ADENT2004.PR.B.2680','SI',85.00,9,'2025-11-05 15:26:47','2025-11-05 15:32:24'),(2284,12730,17,4,'2669','25.S1.ADENT2002.PR.A.2669 - PT APARATOLOGÍA TOTAL REMOVIBLE','25.S1.ADENT2002.PR.A.2669','SI',85.00,9,'2025-11-05 15:26:47','2025-11-05 15:32:25'),(2285,12731,17,1,'2788','25.S1.ADM4003.VR.B.2788 - BUSINESS INTELLIGENCE','25.S1.ADM4003.VR.B.2788','SI',85.00,3,'2025-11-05 15:26:47','2025-11-05 15:32:26'),(2286,12732,17,5,'2700','25.S1.DIGMOD2002.HB.B.2700 - COLECCIÓN FEMENINA','25.S1.DIGMOD2002.HB.B.2700','SI',85.00,12,'2025-11-05 15:26:47','2025-11-05 15:32:28'),(2287,12733,17,5,'2691','25.S1.DIGMOD2004.HB.A.2691 - TECNOLOGÍA TEXTIL','25.S1.DIGMOD2004.HB.A.2691','SI',85.00,7,'2025-11-05 15:26:47','2025-11-05 15:32:30'),(2288,12735,17,2,'2889','25.S1.MKT3003.VR.B.2889 - COMMUNITY MANAGEMENT','25.S1.MKT3003.VR.B.2889','SI',85.00,18,'2025-11-05 15:26:47','2025-11-05 15:32:32'),(2289,12736,17,1,'2783','25.S1.ADM4003.VR.B.2783 - BUSINESS INTELLIGENCE','25.S1.ADM4003.VR.B.2783','SI',85.00,22,'2025-11-05 15:26:47','2025-11-05 15:32:33'),(2290,12737,17,1,'2784','25.S1.ADM4003.VR.B.2784 - BUSINESS INTELLIGENCE','25.S1.ADM4003.VR.B.2784','SI',85.00,20,'2025-11-05 15:26:47','2025-11-05 15:32:34'),(2291,12739,17,1,'2782','25.S1.ADM3003.VR.B.2782 - FINANZAS CORPORATIVAS','25.S1.ADM3003.VR.B.2782','SI',85.00,15,'2025-11-05 15:26:47','2025-11-05 15:32:36'),(2292,12741,17,1,'2792','25.S1.ADM4003.VR.B.2792 - BUSINESS INTELLIGENCE','25.S1.ADM4003.VR.B.2792','NO',85.00,19,'2025-11-05 15:26:47','2025-11-05 15:32:37'),(2293,12742,17,NULL,'3033','25.S1..VR.CUR.3033 - ENGLISH NIVEL 1','25.S1..VR.CUR.3033','NO',10.00,0,'2025-11-05 15:26:47','2025-11-05 15:32:38'),(2294,12744,17,5,'2702','25.S1.DIGMOD3005.HB.B.2702 - FOTOGRAFÍA Y EDITORIAL DE MODA','25.S1.DIGMOD3005.HB.B.2702','SI',85.00,27,'2025-11-05 15:26:47','2025-11-05 15:32:40'),(2295,12745,17,5,'2696','25.S1.DIGMOD4001.HB.A.2696 - GESTIÓN Y MARKETING DE MODA','25.S1.DIGMOD4001.HB.A.2696','SI',85.00,13,'2025-11-05 15:26:47','2025-11-05 15:32:41'),(2296,12746,17,5,'2688','25.S1.DIGMOD1001.HB.A.2688 - HISTORIA Y SOCIOLOGÍA DE LA MODA','25.S1.DIGMOD1001.HB.A.2688','SI',85.00,20,'2025-11-05 15:26:47','2025-11-05 15:32:43'),(2297,12747,17,5,'2694','25.S1.DIGMOD3001.VR.A.2694 - INDUSTRIALIZACIÓN DE LA MODA','25.S1.DIGMOD3001.VR.A.2694','SI',85.00,13,'2025-11-05 15:26:47','2025-11-05 15:32:45'),(2298,12748,17,5,'2699','25.S1.DIGMOD1002.HB.B.2699 - MORFOLOGÍA Y PERCEPCIÓN VISUAL','25.S1.DIGMOD1002.HB.B.2699','SI',85.00,15,'2025-11-05 15:26:47','2025-11-05 15:32:47'),(2299,12749,17,5,'2697','25.S1.DIGMOD4004.HB.2697 - PROYECTO DE MODA','25.S1.DIGMOD4004.HB.2697','SI',95.00,20,'2025-11-05 15:26:47','2025-11-05 15:32:48'),(2300,12750,17,1,'3048','25.S1.ADM4003.VR.A.3048 - BUSINESS INTELLIGENCE','25.S1.ADM4003.VR.A.3048','SI',85.00,18,'2025-11-05 15:26:47','2025-11-05 15:32:49'),(2301,12751,17,1,'3049','25.S1.ADM4003.VR.A.3049 - BUSINESS INTELLIGENCE','25.S1.ADM4003.VR.A.3049','SI',85.00,17,'2025-11-05 15:26:47','2025-11-05 15:32:51'),(2302,12752,17,1,'3050','25.S1.ADM4003.VR.A.3050 - BUSINESS INTELLIGENCE','25.S1.ADM4003.VR.A.3050','SI',85.00,17,'2025-11-05 15:26:47','2025-11-05 15:32:52'),(2303,12756,17,15,'3040','25.S1.PUB1003.VR.B.3040 - EDICIÓN Y MONTAJE DE VIDEO','25.S1.PUB1003.VR.B.3040','SI',85.00,9,'2025-11-05 15:26:47','2025-11-05 15:32:55'),(2304,12760,17,15,'3039','25.S1.PUB1001.VR.B.3039 - HERRAMIENTAS GRÁFICAS','25.S1.PUB1001.VR.B.3039','NO',85.00,11,'2025-11-05 15:26:47','2025-11-05 15:32:56'),(2305,12761,17,1,'3047','25.S1.ADM-1001.VR.A.3047 - INTRODUCCIÓN A LA ADMINISTRACIÓN','25.S1.ADM-1001.VR.A.3047','SI',85.00,26,'2025-11-05 15:26:47','2025-11-05 15:32:58'),(2306,12762,17,15,'3074','25.S1.PUB1002.VR.B.3074 - CREATIVIDAD PUBLICITARIA','25.S1.PUB1002.VR.B.3074','SI',85.00,6,'2025-11-05 15:26:47','2025-11-05 15:33:00'),(2307,12763,17,15,'3075','25.S1.PUB1002.VR.B.3075 - CREATIVIDAD PUBLICITARIA','25.S1.PUB1002.VR.B.3075','SI',85.00,16,'2025-11-05 15:26:47','2025-11-05 15:33:01'),(2308,12764,17,15,'3076','25.S1.PUB1002.VR.B.3076 - CREATIVIDAD PUBLICITARIA','25.S1.PUB1002.VR.B.3076','SI',85.00,14,'2025-11-05 15:26:47','2025-11-05 15:33:03'),(2309,12765,17,15,'3071','25.S1.PUB1003.VR.B.3071 - EDICIÓN Y MONTAJE DE VIDEO','25.S1.PUB1003.VR.B.3071','SI',85.00,9,'2025-11-05 15:26:47','2025-11-05 15:33:04'),(2310,12766,17,15,'3072','25.S1.PUB1003.VR.B.3072 - EDICIÓN Y MONTAJE DE VIDEO','25.S1.PUB1003.VR.B.3072','SI',85.00,1,'2025-11-05 15:26:47','2025-11-05 15:33:06'),(2311,12767,17,15,'3073','25.S1.PUB1003.VR.B.3073 - EDICIÓN Y MONTAJE DE VIDEO','25.S1.PUB1003.VR.B.3073','SI',85.00,1,'2025-11-05 15:26:47','2025-11-05 15:33:08'),(2312,12768,17,15,'3068','25.S1.PUB1001.VR.B.3068 - HERRAMIENTAS GRÁFICAS','25.S1.PUB1001.VR.B.3068','SI',85.00,12,'2025-11-05 15:26:47','2025-11-05 15:33:09'),(2313,12769,17,15,'3069','25.S1.PUB1001.VR.B.3069 - HERRAMIENTAS GRÁFICAS','25.S1.PUB1001.VR.B.3069','SI',85.00,4,'2025-11-05 15:26:47','2025-11-05 15:33:10'),(2314,12770,17,15,'3070','25.S1.PUB1001.VR.B.3070 - HERRAMIENTAS GRÁFICAS','25.S1.PUB1001.VR.B.3070','SI',80.00,9,'2025-11-05 15:26:47','2025-11-05 15:33:12'),(2315,12771,17,NULL,'3036','25.S1..VR.CUR.3036 - ENGLISH NIVEL 1','25.S1..VR.CUR.3036','NO',0.00,0,'2025-11-05 15:26:47','2025-11-05 15:33:13'),(2316,12772,17,15,'2859','25.S1.PUB1002.VR.A.2859 - CREATIVIDAD PUBLICITARIA','25.S1.PUB1002.VR.A.2859','SI',85.00,12,'2025-11-05 15:26:47','2025-11-05 15:33:14'),(2317,12773,17,1,'2787','25.S1.ADM4003.VR.B.2787 - BUSINESS INTELLIGENCE','25.S1.ADM4003.VR.B.2787','SI',85.00,3,'2025-11-05 15:26:47','2025-11-05 15:33:16'),(2318,12774,17,1,'2789','25.S1.ADM4003.VR.B.2789 - BUSINESS INTELLIGENCE','25.S1.ADM4003.VR.B.2789','SI',85.00,30,'2025-11-05 15:26:47','2025-11-05 15:33:17'),(2319,12775,17,1,'2790','25.S1.ADM4003.VR.B.2790 - BUSINESS INTELLIGENCE','25.S1.ADM4003.VR.B.2790','SI',85.00,31,'2025-11-05 15:26:47','2025-11-05 15:33:19'),(2320,12776,17,1,'2785','25.S1.ADM4003.VR.B.2785 - BUSINESS INTELLIGENCE','25.S1.ADM4003.VR.B.2785','SI',85.00,21,'2025-11-05 15:26:47','2025-11-05 15:33:20'),(2321,12777,17,4,'2673','25.S1.ADENT4003.PR.A.2673 - APARATOLOGÍA FIJA 2','25.S1.ADENT4003.PR.A.2673','SI',85.00,9,'2025-11-05 15:26:47','2025-11-05 15:33:21'),(2322,12778,17,1,'2786','25.S1.ADM4003.VR.B.2786 - BUSINESS INTELLIGENCE','25.S1.ADM4003.VR.B.2786','SI',85.00,3,'2025-11-05 15:26:47','2025-11-05 15:33:23'),(2323,12779,17,4,'2685','25.S1.ADENT4001.PR.B.2685 - CAD CAM-3D','25.S1.ADENT4001.PR.B.2685','SI',85.00,9,'2025-11-05 15:26:47','2025-11-05 15:33:24'),(2324,12780,17,4,'2675','25.S1.ADENT4004.HB.2675 - PROYECTO DE APARATOLOGÍA DENTAL','25.S1.ADENT4004.HB.2675','SI',85.00,20,'2025-11-05 15:26:47','2025-11-05 15:33:25'),(2325,12781,17,3,'2844','25.S1.DERMA4004.HB.2844 - PROYECTO DE DERMATOCOSMIATRÍA','25.S1.DERMA4004.HB.2844','SI',85.00,24,'2025-11-05 15:26:47','2025-11-05 15:33:27'),(2326,12782,17,4,'2672','25.S1.ADENT4003.PR.A.2672 - APARATOLOGÍA FIJA 2','25.S1.ADENT4003.PR.A.2672','SI',85.00,9,'2025-11-05 15:26:47','2025-11-05 15:33:28'),(2327,12783,17,1,'2791','25.S1.ADM4003.VR.B.2791 - BUSINESS INTELLIGENCE','25.S1.ADM4003.VR.B.2791','SI',85.00,30,'2025-11-05 15:26:47','2025-11-05 15:33:29'),(2328,12784,17,4,'2684','25.S1.ADENT4001.PR.B.2684 - CAD CAM-3D','25.S1.ADENT4001.PR.B.2684','SI',85.00,41,'2025-11-05 15:26:47','2025-11-05 15:33:31'),(2329,12786,17,4,'2686','25.S1.ADENT4002.HB.B.2686 - ORTOPEDIA DENTAL 2','25.S1.ADENT4002.HB.B.2686','SI',85.00,9,'2025-11-05 15:26:47','2025-11-05 15:33:32'),(2330,12787,17,4,'2674','25.S1.ADENT4004.HB.2674 - PROYECTO DE APARATOLOGÍA DENTAL','25.S1.ADENT4004.HB.2674','SI',85.00,16,'2025-11-05 15:26:47','2025-11-05 15:33:33'),(2331,12788,17,3,'2843','25.S1.DERMA4004.HB.2843 - PROYECTO DE DERMATOCOSMIATRÍA','25.S1.DERMA4004.HB.2843','SI',85.00,36,'2025-11-05 15:26:47','2025-11-05 15:33:35'),(2332,12789,17,1,'2793','25.S1.ADM4003.VR.B.2793 - BUSINESS INTELLIGENCE','25.S1.ADM4003.VR.B.2793','NO',85.00,18,'2025-11-05 15:26:47','2025-11-05 15:33:36'),(2333,12790,17,4,'2664','25.S1.ADENT1002.PR.A.2664 - ANATOMÍA Y MORFOLOGÍA DENTAL','25.S1.ADENT1002.PR.A.2664','SI',85.00,8,'2025-11-05 15:26:47','2025-11-05 15:33:37'),(2334,12791,17,4,'2676','25.S1.ADENT1003.PR.B.2676 - BIOMATERIALES DENTALES','25.S1.ADENT1003.PR.B.2676','SI',85.00,17,'2025-11-05 15:26:47','2025-11-05 15:33:38'),(2335,12792,17,5,'2693','25.S1.DIGMOD3002.HB.A.2693 - COLECCIÓN MASCULINA E INFANTIL','25.S1.DIGMOD3002.HB.A.2693','SI',85.00,4,'2025-11-05 15:26:47','2025-11-05 15:33:40'),(2336,12793,17,4,'2677','25.S1.ADENT1004.HB.B.2677 - HERRAMIENTAS DIGITALES AD','25.S1.ADENT1004.HB.B.2677','SI',85.00,12,'2025-11-05 15:26:47','2025-11-05 15:33:41'),(2337,12794,17,4,'2665','25.S1.ADENT1001.HB.A.2665 - INTRODUCCIÓN A LA APARATOLOGÍA DENTAL','25.S1.ADENT1001.HB.A.2665','SI',85.00,27,'2025-11-05 15:26:47','2025-11-05 15:33:43'),(2338,12795,17,15,'2857','25.S1.PUB1001.VR.A.2857 - HERRAMIENTAS GRÁFICAS','25.S1.PUB1001.VR.A.2857','SI',85.00,11,'2025-11-05 15:26:47','2025-11-05 15:33:44'),(2339,12796,17,15,'2856','25.S1.PUB1001.VR.A.2856 - HERRAMIENTAS GRÁFICAS','25.S1.PUB1001.VR.A.2856','SI',85.00,11,'2025-11-05 15:26:47','2025-11-05 15:33:46'),(2340,12797,17,NULL,'3077','25.S1..VR.CUR.3077 - ENGLISH NIVEL 2','25.S1..VR.CUR.3077','NO',100.00,0,'2025-11-05 15:26:47','2025-11-05 15:33:47'),(2341,12799,17,NULL,'3079','25.S1..VR.CUR.3079 - ENGLISH NIVEL 2','25.S1..VR.CUR.3079','SI',350.00,0,'2025-11-05 15:26:47','2025-11-05 15:33:48'),(2342,12800,17,NULL,'3080','25.S1..VR.CUR.3080 - ENGLISH NIVEL 3','25.S1..VR.CUR.3080','SI',100.00,21,'2025-11-05 15:26:47','2025-11-05 15:33:49'),(2343,12801,17,NULL,'3081','25.S1..VR.CUR.3081 - ENGLISH NIVEL 3','25.S1..VR.CUR.3081','SI',400.00,0,'2025-11-05 15:26:47','2025-11-05 15:33:51'),(2344,12802,17,NULL,'3082','25.S1..VR.CUR.3082 - ENGLISH NIVEL 3','25.S1..VR.CUR.3082','NO',85.00,0,'2025-11-05 15:26:47','2025-11-05 15:33:52'),(2345,12803,17,NULL,'3083','25.S1..VR.CUR.3083 - ENGLISH NIVEL 3','25.S1..VR.CUR.3083','SI',100.00,21,'2025-11-05 15:26:47','2025-11-05 15:33:53'),(2346,12804,17,NULL,'3084','25.S1..VR.CUR.3084 - ENGLISH NIVEL 4','25.S1..VR.CUR.3084','NO',0.00,0,'2025-11-05 15:26:47','2025-11-05 15:33:54'),(2347,12805,17,NULL,'3085','25.S1..VR.CUR.3085 - ENGLISH NIVEL 4','25.S1..VR.CUR.3085','SI',100.00,25,'2025-11-05 15:26:47','2025-11-05 15:33:56'),(2348,12806,17,NULL,'3088','25.S1..VR.CUR.3088 - ENGLISH NIVEL 4','25.S1..VR.CUR.3088','NO',0.00,0,'2025-11-05 15:26:47','2025-11-05 15:33:57'),(2349,12807,17,NULL,'3089','25.S1..VR.CUR.3089 - ENGLISH NIVEL 4','25.S1..VR.CUR.3089','NO',85.00,11,'2025-11-05 15:26:47','2025-11-05 15:33:58'),(2350,12808,17,NULL,'3090','25.S1..VR.CUR.3090 - ENGLISH NIVEL 4','25.S1..VR.CUR.3090','SI',100.00,22,'2025-11-05 15:26:47','2025-11-05 15:34:00'),(2351,12809,17,2,'2776','25.S1.MKT-1001.VR.B.2776 - INTRODUCCIÓN AL MARKETING','25.S1.MKT-1001.VR.B.2776','SI',85.00,10,'2025-11-05 15:26:47','2025-11-05 15:34:01'),(2352,12810,17,9,'2769','25.S1.ENF-4005.HB.2769 - PROYECTO DE ENFERMERÍA','25.S1.ENF-4005.HB.2769','SI',85.00,25,'2025-11-05 15:26:47','2025-11-05 15:34:03'),(2353,12811,17,NULL,'3078','25.S1..VR.CUR.3078 - ENGLISH NIVEL 3','25.S1..VR.CUR.3078','SI',85.00,0,'2025-11-05 15:26:47','2025-11-05 15:34:04'),(2354,12812,17,NULL,'3087','25.S1..VR.CUR.3087 - ENGLISH NIVEL 2','25.S1..VR.CUR.3087','NO',0.00,0,'2025-11-05 15:26:47','2025-11-05 15:34:05'),(2355,12813,17,NULL,'3034','25.S1..VR.CUR.3034 - ENGLISH NIVEL 1','25.S1..VR.CUR.3034','NO',0.00,1,'2025-11-05 15:26:47','2025-11-05 15:34:06'),(2356,12814,17,15,'2858','25.S1.PUB1001.VR.A.2858 - HERRAMIENTAS GRÁFICAS','25.S1.PUB1001.VR.A.2858','NO',85.00,3,'2025-11-05 15:26:47','2025-11-05 15:34:08'),(2357,12815,17,NULL,'3086','25.S1..VR.CUR.3086 - ENGLISH NIVEL 2','25.S1..VR.CUR.3086','NO',0.00,0,'2025-11-05 15:26:47','2025-11-05 15:34:09'),(2358,12816,17,1,'2778','25.S1.ADM-2002.VR.B.2778 - CONTABILIDAD DE COSTOS','25.S1.ADM-2002.VR.B.2778','SI',85.00,32,'2025-11-05 15:26:47','2025-11-05 15:34:10'),(2359,12817,17,1,'2779','25.S1.ADM-2003.VR.B.2779 - ESTADÍSTICA APLICADA','25.S1.ADM-2003.VR.B.2779','SI',85.00,9,'2025-11-05 15:26:47','2025-11-05 15:34:11'),(2360,12818,17,NULL,'3091','25.S1..VR.CUR.3091 - ENGLISH NIVEL 4','25.S1..VR.CUR.3091','NO',110.00,0,'2025-11-05 15:26:47','2025-11-05 15:34:13'),(2361,12819,17,NULL,'3092','25.S1..VR.CUR.3092 - ENGLISH NIVEL 4','25.S1..VR.CUR.3092','NO',100.00,11,'2025-11-05 15:26:47','2025-11-05 15:34:14'),(2362,12820,17,10,'2797','25.S1.FPS-1004.VR.B.2797 - CONTABILIDAD BANCARIA','25.S1.FPS-1004.VR.B.2797','SI',85.00,10,'2025-11-05 15:26:47','2025-11-05 15:34:15'),(2363,12821,17,10,'2795','25.S1.FPS-1002.VR.A.2795 - INTRODUCCIÓN A LAS OPERACIONES FINANCIERAS','25.S1.FPS-1002.VR.A.2795','SI',85.00,6,'2025-11-05 15:26:47','2025-11-05 15:34:17'),(2364,12822,17,10,'2794','25.S1.FPS-1001.VR.A.2794 - INTRODUCCIÓN AL SISTEMA FINANCIERO POPULAR','25.S1.FPS-1001.VR.A.2794','SI',85.00,7,'2025-11-05 15:26:47','2025-11-05 15:34:18'),(2365,12824,17,1,'2777','25.S1.ADM-1002.VR.B.2777 - CONTABILIDAD EMPRESARIAL','25.S1.ADM-1002.VR.B.2777','SI',85.00,16,'2025-11-05 15:26:47','2025-11-05 15:34:20'),(2366,12852,17,NULL,'3095','25.S1..VR.CUR.3095 - ENGLISH NIVEL 1','25.S1..VR.CUR.3095','NO',78.00,1,'2025-11-05 15:26:47','2025-11-05 15:34:21'),(2367,12853,17,NULL,'3093','25.S1..VR.CUR.3093 - ENGLISH NIVEL 1','25.S1..VR.CUR.3093','NO',20.00,0,'2025-11-05 15:26:47','2025-11-05 15:34:22'),(2368,12854,17,NULL,'3096','25.S1..VR.CUR.3096 - ENGLISH NIVEL 1','25.S1..VR.CUR.3096','NO',68.00,1,'2025-11-05 15:26:47','2025-11-05 15:34:23'),(2369,12855,17,9,'3099','25.S1.ENF-1002.PR.A.3099 - ANATOMÍA Y FISIOLOGÍA HUMANA','25.S1.ENF-1002.PR.A.3099','NO',0.00,0,'2025-11-05 15:26:47','2025-11-05 15:34:24'),(2370,12857,17,NULL,'3097','25.S1..VR.CUR.3097 - ENGLISH NIVEL 1','25.S1..VR.CUR.3097','SI',400.00,0,'2025-11-05 15:26:47','2025-11-05 15:34:26'),(2371,12858,17,7,'2752','25.S1.POD-4004.HB.2752 - PROYECTO DE PODOLOGÍA','25.S1.POD-4004.HB.2752','SI',85.00,18,'2025-11-05 15:26:47','2025-11-05 15:34:27'),(2372,12859,17,NULL,'3100','25.S1..VR.CUR.3100 - ENGLISH NIVEL 3','25.S1..VR.CUR.3100','NO',0.00,0,'2025-11-05 15:26:47','2025-11-05 15:34:28'),(2375,12893,17,NULL,'3101','25.S1..VR.CUR.3101 - ENGLISH NIVEL 1','25.S1..VR.CUR.3101','SI',65.00,0,'2025-11-05 15:26:47','2025-11-05 15:34:32'),(2376,12894,17,1,'2863','25.S1.ADM2003.VR.B.2863 - ESTADÍSTICA APLICADA','25.S1.ADM2003.VR.B.2863','SI',85.00,20,'2025-11-05 15:26:47','2025-11-05 15:34:33'),(2377,12895,17,1,'2881','25.S1.ADM2003.VR.B.2881 - ESTADÍSTICA APLICADA','25.S1.ADM2003.VR.B.2881','SI',85.00,20,'2025-11-05 15:26:47','2025-11-05 15:34:35'),(2378,12896,17,1,'2882','25.S1.ADM2003.VR.B.2882 - ESTADÍSTICA APLICADA','25.S1.ADM2003.VR.B.2882','SI',85.00,16,'2025-11-05 15:26:47','2025-11-05 15:34:36'),(2379,12897,17,8,'3102','25.S1.DSOFT-1002.VR.A.3102 - INTRODUCCIÓN A LAS COMPUTADORAS Y REDES','25.S1.DSOFT-1002.VR.A.3102','SI',85.00,2,'2025-11-05 15:26:47','2025-11-05 15:34:38'),(2380,12899,17,6,'3094','25.S1.CIBER-4002.VR.A.3094 - EXPLOITING E INGENIERÍA INVERSA','25.S1.CIBER-4002.VR.A.3094','SI',90.50,42,'2025-11-05 15:26:47','2025-11-05 15:34:39'),(2381,12912,17,9,'3063','25.S1.ENF-1004.PR.B.3063 - SALUD PÚBLICA Y LEGISLACIÓN','25.S1.ENF-1004.PR.B.3063','SI',85.00,0,'2025-11-05 15:26:47','2025-11-05 15:34:40'),(2382,12913,17,16,'3029','25.S1.EAL5002.VR.B.3029 - HABLAR EN PÚBLICO','25.S1.EAL5002.VR.B.3029','NO',85.00,0,'2025-11-05 15:26:47','2025-11-05 15:34:42'),(2383,12914,17,16,'3024','25.S1.EAL5002.VR.B.3024 - HABLAR EN PÚBLICO','25.S1.EAL5002.VR.B.3024','SI',85.00,9,'2025-11-05 15:26:47','2025-11-05 15:34:43'),(2384,12919,17,16,'3005','25.S1.EAL5006.VR.B.3005 - CULTURA POLÍTICA','25.S1.EAL5006.VR.B.3005','SI',85.00,1,'2025-11-05 15:26:47','2025-11-05 15:34:44'),(2385,12921,17,16,'3007','25.S1.EAL5006.VR.B.3007 - CULTURA POLÍTICA','25.S1.EAL5006.VR.B.3007','SI',85.00,17,'2025-11-05 15:26:47','2025-11-05 15:34:45'),(2386,12922,17,16,'3008','25.S1.EAL5006.VR.B.3008 - CULTURA POLÍTICA','25.S1.EAL5006.VR.B.3008','SI',85.00,17,'2025-11-05 15:26:47','2025-11-05 15:34:47'),(2387,12923,17,16,'3009','25.S1.EAL5006.VR.B.3009 - CULTURA POLÍTICA','25.S1.EAL5006.VR.B.3009','SI',84.99,28,'2025-11-05 15:26:47','2025-11-05 15:34:49'),(2388,12925,17,16,'3015','25.S1.EAL5006.VR.B.3015 - CULTURA POLÍTICA','25.S1.EAL5006.VR.B.3015','SI',85.00,8,'2025-11-05 15:26:47','2025-11-05 15:34:50'),(2389,12926,17,16,'3016','25.S1.EAL5006.VR.B.3016 - CULTURA POLÍTICA','25.S1.EAL5006.VR.B.3016','NO',0.00,0,'2025-11-05 15:26:47','2025-11-05 15:34:51'),(2390,12928,17,9,'3062','25.S1.ENF-4002.PR.A.3062 - ENFERNERÍA PSQUIÁTRICA Y SALUD MENTAL','25.S1.ENF-4002.PR.A.3062','SI',70.00,17,'2025-11-05 15:26:47','2025-11-05 15:34:52'),(2391,12929,17,9,'3061','25.S1.ENF-1004.PR.B.3061 - SALUD PÚBLICA Y LEGISLACIÓN','25.S1.ENF-1004.PR.B.3061','SI',90.00,0,'2025-11-05 15:26:47','2025-11-05 15:34:55'),(2392,12931,17,3,'3065','25.S1.DERMA2004.HB.B.3065 - ANATOMÍA Y MORFOLOGÍA HUMANA','25.S1.DERMA2004.HB.B.3065','SI',85.00,5,'2025-11-05 15:26:47','2025-11-05 15:34:57'),(2393,12932,17,3,'3066','25.S1.DERMA2004.HB.B.3066 - ANATOMÍA Y MORFOLOGÍA HUMANA','25.S1.DERMA2004.HB.B.3066','SI',85.00,5,'2025-11-05 15:26:47','2025-11-05 15:34:59'),(2394,12933,17,16,'3010','25.S1.EAL5006.VR.B.3010 - CULTURA POLÍTICA','25.S1.EAL5006.VR.B.3010','SI',84.99,28,'2025-11-05 15:26:47','2025-11-05 15:35:02'),(2395,12934,17,16,'3011','25.S1.EAL5006.VR.B.3011 - CULTURA POLÍTICA','25.S1.EAL5006.VR.B.3011','SI',84.99,28,'2025-11-05 15:26:47','2025-11-05 15:35:04'),(2396,12935,17,16,'3012','25.S1.EAL5006.VR.B.3012 - CULTURA POLÍTICA','25.S1.EAL5006.VR.B.3012','NO',35.00,5,'2025-11-05 15:26:47','2025-11-05 15:35:05'),(2397,12936,17,16,'3013','25.S1.EAL5006.VR.B.3013 - CULTURA POLÍTICA','25.S1.EAL5006.VR.B.3013','NO',20.00,3,'2025-11-05 15:26:47','2025-11-05 15:35:07'),(2398,12937,17,16,'2998','25.S1.EAL5005.VR.B.2998 - ESTADÍSTICA','25.S1.EAL5005.VR.B.2998','SI',0.00,11,'2025-11-05 15:26:47','2025-11-05 15:35:08'),(2399,12938,17,16,'2999','25.S1.EAL5005.VR.B.2999 - ESTADÍSTICA','25.S1.EAL5005.VR.B.2999','SI',85.00,12,'2025-11-05 15:26:47','2025-11-05 15:35:10'),(2400,12939,17,16,'3000','25.S1.EAL5005.VR.B.3000 - ESTADÍSTICA','25.S1.EAL5005.VR.B.3000','SI',85.00,11,'2025-11-05 15:26:47','2025-11-05 15:35:11'),(2401,12940,17,16,'3001','25.S1.EAL5005.VR.B.3001 - ESTADÍSTICA','25.S1.EAL5005.VR.B.3001','SI',85.00,0,'2025-11-05 15:26:47','2025-11-05 15:35:13'),(2402,12941,17,3,'3067','25.S1.DERMA4002.PR.A.3067 - ESTÉTICA CORPORAL AVANZADA 2','25.S1.DERMA4002.PR.A.3067','SI',86.40,6,'2025-11-05 15:26:47','2025-11-05 15:35:14'),(2403,12942,17,16,'3017','25.S1.EAL5002.VR.B.3017 - HABLAR EN PÚBLICO','25.S1.EAL5002.VR.B.3017','SI',85.00,8,'2025-11-05 15:26:47','2025-11-05 15:35:16'),(2404,12945,17,16,'3020','25.S1.EAL5002.VR.B.3020 - HABLAR EN PÚBLICO','25.S1.EAL5002.VR.B.3020','SI',85.00,14,'2025-11-05 15:26:47','2025-11-05 15:35:17'),(2405,12946,17,16,'3022','25.S1.EAL5002.VR.B.3022 - HABLAR EN PÚBLICO','25.S1.EAL5002.VR.B.3022','SI',85.00,14,'2025-11-05 15:26:47','2025-11-05 15:35:18'),(2406,12947,17,16,'3025','25.S1.EAL5002.VR.B.3025 - HABLAR EN PÚBLICO','25.S1.EAL5002.VR.B.3025','SI',90.00,20,'2025-11-05 15:26:47','2025-11-05 15:35:20'),(2407,12956,17,16,'3023','25.S1.EAL5002.VR.B.3023 - HABLAR EN PÚBLICO','25.S1.EAL5002.VR.B.3023','SI',85.00,10,'2025-11-05 15:26:47','2025-11-05 15:35:21'),(2408,12958,17,16,'3031','25.S1.EAL5002.VR.B.3031 - HABLAR EN PÚBLICO','25.S1.EAL5002.VR.B.3031','NO',85.00,0,'2025-11-05 15:26:47','2025-11-05 15:35:23'),(2409,12967,17,8,'3104','25.S1.DSOFT-1001.VR.B.3104 - INTRODUCCIÓN A LA PROGRAMACIÓN','25.S1.DSOFT-1001.VR.B.3104','SI',185.00,49,'2025-11-05 15:26:47','2025-11-05 15:35:24'),(2410,12968,17,6,'3105','25.S1.CIBER-1001.VR.B.3105 - INTRODUCCIÓN A LA SEGURIDAD INFORMÁTICA','25.S1.CIBER-1001.VR.B.3105','SI',100.00,1,'2025-11-05 15:26:47','2025-11-05 15:35:25'),(2411,12969,17,8,'3103','25.S1.DSOFT-1004.VR.A.3103 - LÓGICA MATEMÁTICA','25.S1.DSOFT-1004.VR.A.3103','SI',85.00,9,'2025-11-05 15:26:47','2025-11-05 15:35:27'),(2412,12970,17,1,'3106','25.S1.ADM-1001.VR.A.3106 - INTRODUCCIÓN A LA ADMINISTRACIÓN','25.S1.ADM-1001.VR.A.3106','SI',85.00,11,'2025-11-05 15:26:47','2025-11-05 15:35:28'),(2413,12996,17,16,'3107','25.S1.EAL5003.VR.A.3107 - CULTURA DEL VINO','25.S1.EAL5003.VR.A.3107','SI',85.00,24,'2025-11-05 15:26:47','2025-11-05 15:35:30'),(2414,13019,17,16,'3108','25.S1.EAL5001.VR.A.3108 - ESCRITURA ACADÉMICA','25.S1.EAL5001.VR.A.3108','SI',85.00,4,'2025-11-05 15:26:47','2025-11-05 15:35:31'),(2415,13069,17,1,'2712','25.S1.ADM4001.VR.A.2712 1','25.S1.ADM4001.VR.A.2712_12422_379_1','PENDIENTE',0.00,0,'2025-11-05 15:26:47','2025-11-05 15:35:32'),(2416,13070,17,1,'2712','25.S1.ADM4001.VR.A.2712 2','25.S1.ADM4001.VR.A.2712_12422_379_2','PENDIENTE',0.00,0,'2025-11-05 15:26:47','2025-11-05 15:35:33'),(2417,13071,17,1,'2712','25.S1.ADM4001.VR.A.2712 3','25.S1.ADM4001.VR.A.2712_12422_379_3','PENDIENTE',0.00,0,'2025-11-05 15:26:47','2025-11-05 15:35:35'),(2418,13072,17,1,'2712','25.S1.ADM4001.VR.A.2712 4','25.S1.ADM4001.VR.A.2712_12422_379_4','PENDIENTE',0.00,0,'2025-11-05 15:26:47','2025-11-05 15:35:36'),(2419,13073,17,1,'2712','25.S1.ADM4001.VR.A.2712 5','25.S1.ADM4001.VR.A.2712_12422_379_5','PENDIENTE',0.00,0,'2025-11-05 15:26:47','2025-11-05 15:35:37'),(2420,13091,17,16,'3006','25.S1.EAL5006.VR.B.3006 - CULTURA POLÍTICA','25.S1.EAL5006.VR.B.3006','SI',85.00,15,'2025-11-05 15:26:47','2025-11-05 15:35:38'),(2421,13092,17,16,'3026','25.S1.EAL5002.VR.B.3026 - HABLAR EN PÚBLICO','25.S1.EAL5002.VR.B.3026','NO',0.00,0,'2025-11-05 15:26:47','2025-11-05 15:35:39'),(2422,13095,17,NULL,'Profe Daniela 1','Profe Daniela 1','Profe Daniela_12644_383_1','PENDIENTE',0.00,0,'2025-11-05 15:26:47','2025-11-05 15:35:40'),(2423,13096,17,NULL,'Grupo profe Esther L','Grupo profe Esther Llerena 1','Grupo profe Esther Llerena_12644_384_1','PENDIENTE',0.00,0,'2025-11-05 15:26:47','2025-11-05 15:35:42'),(2424,13165,17,NULL,'ZOILA MARISOL MOLINA','ZOILA MARISOL MOLINA ALBUJA','','PENDIENTE',0.00,0,'2025-11-05 15:26:47','2025-11-05 15:35:43'),(2425,13166,17,NULL,'VICTOR ESPINOZA ESPI','VICTOR ESPINOZA ESPINOZA','','PENDIENTE',0.00,0,'2025-11-05 15:26:47','2025-11-05 15:35:44'),(2426,13167,17,NULL,'KESLEY VALENTINA SAL','KESLEY VALENTINA SALTOS ABAD','','PENDIENTE',0.00,0,'2025-11-05 15:26:47','2025-11-05 15:35:45'),(2427,13168,17,NULL,'JESNARDA ESTEFANIA Q','JESNARDA ESTEFANIA QUINTERO RUALES','','PENDIENTE',0.00,0,'2025-11-05 15:26:47','2025-11-05 15:35:46'),(2428,13169,17,NULL,'KATHERINE ANDREA SEG','KATHERINE ANDREA SEGOVIA VINTIMILLA','','PENDIENTE',0.00,0,'2025-11-05 15:26:47','2025-11-05 15:35:47'),(2429,13170,17,NULL,'ERIKA DAYANA CHIPANT','ERIKA DAYANA CHIPANTASI FLORES','','PENDIENTE',0.00,0,'2025-11-05 15:26:47','2025-11-05 15:35:48'),(2430,13171,17,NULL,'THAIS VICTORIA VELAS','THAIS VICTORIA VELASCO SUNTAXI','','PENDIENTE',0.00,0,'2025-11-05 15:26:47','2025-11-05 15:35:49'),(2431,13172,17,NULL,'TANIA MARITZA ARTEAG','TANIA MARITZA ARTEAGA CHANGO','','PENDIENTE',0.00,0,'2025-11-05 15:26:47','2025-11-05 15:35:50'),(2432,13173,17,NULL,'DANIELA LISSETH ACUÑ','DANIELA LISSETH ACUÑA OTUNA','','PENDIENTE',0.00,0,'2025-11-05 15:26:47','2025-11-05 15:35:52'),(2433,13174,17,NULL,'JESSICA MARITZA MINC','JESSICA MARITZA MINCHALO GONZALEZ','','PENDIENTE',0.00,0,'2025-11-05 15:26:47','2025-11-05 15:35:53'),(2434,13175,17,NULL,'ALISSON LORENA ARCIN','ALISSON LORENA ARCINIEGA GARCIA','','PENDIENTE',0.00,0,'2025-11-05 15:26:47','2025-11-05 15:35:54'),(2435,13176,17,NULL,'JOSEPH ANTONIO MORA ','JOSEPH ANTONIO MORA GARCÍA','','PENDIENTE',0.00,0,'2025-11-05 15:26:47','2025-11-05 15:35:55'),(2436,13177,17,NULL,'CAROLINA ANDREA JURA','CAROLINA ANDREA JURADO REYNA','','PENDIENTE',0.00,0,'2025-11-05 15:26:47','2025-11-05 15:35:56'),(2437,13178,17,NULL,'LORENA JUDITH LOPEZ ','LORENA JUDITH LOPEZ TUCUP','','PENDIENTE',0.00,0,'2025-11-05 15:26:47','2025-11-05 15:35:57'),(2438,13179,17,NULL,'JOHANA PATRICIA LINC','JOHANA PATRICIA LINCANGO TORRES','','PENDIENTE',0.00,0,'2025-11-05 15:26:47','2025-11-05 15:35:58'),(2439,13180,17,NULL,'DIANA PATRICIA TAMAY','DIANA PATRICIA TAMAYO CARRASCO','','PENDIENTE',0.00,0,'2025-11-05 15:26:47','2025-11-05 15:35:59'),(2440,13181,17,NULL,'ALEXANDRA MISHELL SU','ALEXANDRA MISHELL SUAREZ BUENAÑO','','PENDIENTE',0.00,0,'2025-11-05 15:26:47','2025-11-05 15:36:01'),(2441,13182,17,NULL,'ERICKA MERCEDES PINO','ERICKA MERCEDES PINO CONTRERAS','','PENDIENTE',0.00,0,'2025-11-05 15:26:47','2025-11-05 15:36:02'),(2442,13183,17,NULL,'ARIANNA CAROLINA CAB','ARIANNA CAROLINA CABEZAS VALENZUELA','','PENDIENTE',0.00,0,'2025-11-05 15:26:47','2025-11-05 15:36:03'),(2443,13184,17,NULL,'KARINA ALEXANDRA VEL','KARINA ALEXANDRA VELASCO SUNTAXI','','PENDIENTE',0.00,0,'2025-11-05 15:26:47','2025-11-05 15:36:04'),(2444,13185,17,NULL,'LENIN SHALOM NIQUING','LENIN SHALOM NIQUINGA SUAREZ','','PENDIENTE',0.00,0,'2025-11-05 15:26:47','2025-11-05 15:36:05'),(2445,13186,17,NULL,'Ana Patricia Manzano','Ana Patricia Manzano','','PENDIENTE',0.00,0,'2025-11-05 15:26:47','2025-11-05 15:36:07'),(2446,13187,17,NULL,'AUGUSTA FERNANDA FLO','AUGUSTA FERNANDA FLORES ESPARZA','','PENDIENTE',0.00,0,'2025-11-05 15:26:47','2025-11-05 15:36:08'),(2447,13188,17,NULL,'ADRIANA BELEN SORIA ','ADRIANA BELEN SORIA GUAMAN','','PENDIENTE',0.00,0,'2025-11-05 15:26:47','2025-11-05 15:36:09'),(2448,13189,17,NULL,'SAMIRA PAOLA PAEZ YE','SAMIRA PAOLA PAEZ YEPEZ','','PENDIENTE',0.00,0,'2025-11-05 15:26:47','2025-11-05 15:36:10'),(2449,13190,17,NULL,'MARIA ELIZABETH CARV','MARIA ELIZABETH CARVAJAL CHAVEZ','','PENDIENTE',0.00,0,'2025-11-05 15:26:47','2025-11-05 15:36:11'),(2450,13191,17,NULL,'JENNIFER CRISTINA BO','JENNIFER CRISTINA BORJA DUQUE','','PENDIENTE',0.00,0,'2025-11-05 15:26:47','2025-11-05 15:36:12'),(2451,13192,17,NULL,'PAULA EMILIA MENA CA','PAULA EMILIA MENA CATHME','','PENDIENTE',0.00,0,'2025-11-05 15:26:47','2025-11-05 15:36:13'),(2452,13193,17,NULL,'ESMERALDA VICTORIA G','ESMERALDA VICTORIA GAROFALO FLORES','','PENDIENTE',0.00,0,'2025-11-05 15:26:47','2025-11-05 15:36:14'),(2453,13194,17,NULL,'TATIANA IVONNE NAVAS','TATIANA IVONNE NAVAS BENALCAZAR','','PENDIENTE',0.00,0,'2025-11-05 15:26:47','2025-11-05 15:36:16'),(2454,13195,17,NULL,'EMILY PAULETTE QUIÑO','EMILY PAULETTE QUIÑONEZ TELLO','','PENDIENTE',0.00,0,'2025-11-05 15:26:47','2025-11-05 15:36:17'),(2455,13196,17,NULL,'VERONICA ESTEFANY AB','VERONICA ESTEFANY ABREU MORENO','','PENDIENTE',0.00,0,'2025-11-05 15:26:47','2025-11-05 15:36:18'),(2456,13197,17,NULL,'MAYRA ALEJANDRA CELI','MAYRA ALEJANDRA CELIN TONGUINO','','PENDIENTE',0.00,0,'2025-11-05 15:26:47','2025-11-05 15:36:19'),(2457,13198,17,NULL,'VANESSA ALEJANDRA PU','VANESSA ALEJANDRA PUENTE PINTO','','PENDIENTE',0.00,0,'2025-11-05 15:26:47','2025-11-05 15:36:20'),(2458,13199,17,2,'2896','25.S1.MKT4001.VR.A.2896 - ANALÍTICA WEB','25.S1.MKT4001.VR.A.2896','NO',0.00,0,'2025-11-05 15:26:47','2025-11-05 15:36:21'),(2459,13319,17,16,'3032','25.S1.EAL5002.VR.B.3032 - HABLAR EN PÚBLICO','25.S1.EAL5002.VR.B.3032','NO',85.00,0,'2025-11-05 15:26:47','2025-11-05 15:36:22'),(2460,13323,17,16,'3019','25.S1.EAL5002.VR.B.3019 - HABLAR EN PÚBLICO','25.S1.EAL5002.VR.B.3019','SI',95.00,23,'2025-11-05 15:26:47','2025-11-05 15:36:24'),(2461,13324,17,8,'2870','25.S1.DSOFT-1001.VR.B.2870 - INTRODUCCIÓN A LA PROGRAMACIÓN','25.S1.DSOFT-1001.VR.B.2870','SI',100.00,23,'2025-11-05 15:26:47','2025-11-05 15:36:25'),(2462,13329,17,16,'3030','25.S1.EAL5002.VR.B.3030 - HABLAR EN PÚBLICO','25.S1.EAL5002.VR.B.3030','SI',85.00,21,'2025-11-05 15:26:47','2025-11-05 15:36:27'),(2463,13330,17,16,'3028','25.S1.EAL5002.VR.B.3028 - HABLAR EN PÚBLICO','25.S1.EAL5002.VR.B.3028','SI',95.00,23,'2025-11-05 15:26:47','2025-11-05 15:36:28'),(2464,13331,17,NULL,'3109','25.S1..VR.CUR.3109 - ENGLISH NIVEL 1','25.S1..VR.CUR.3109','NO',0.00,0,'2025-11-05 15:26:47','2025-11-05 15:36:29'),(2465,13332,17,NULL,'3110','25.S1..VR.CUR.3110 - ENGLISH NIVEL 1','25.S1..VR.CUR.3110','NO',85.00,1,'2025-11-05 15:26:47','2025-11-05 15:36:30'),(2466,13333,17,NULL,'3111','25.S1..VR.CUR.3111 - ENGLISH NIVEL 1','25.S1..VR.CUR.3111','NO',0.00,0,'2025-11-05 15:26:47','2025-11-05 15:36:32'),(2467,13335,17,NULL,'3112','25.S1..VR.CUR.3112 - ENGLISH NIVEL 1','25.S1..VR.CUR.3112','NO',0.00,0,'2025-11-05 15:26:47','2025-11-05 15:36:33'),(2468,13336,17,NULL,'3113','25.S1..VR.CUR.3113 - ENGLISH NIVEL 1','25.S1..VR.CUR.3113','NO',0.00,0,'2025-11-05 15:26:47','2025-11-05 15:36:34'),(2469,13337,17,NULL,'3114','25.S1..VR.CUR.3114 - ENGLISH NIVEL 1','25.S1..VR.CUR.3114','NO',0.00,0,'2025-11-05 15:26:47','2025-11-05 15:36:35'),(2470,13339,17,NULL,'3115','25.S1..VR.CUR.3115 - ENGLISH NIVEL 2','25.S1..VR.CUR.3115','NO',40.00,0,'2025-11-05 15:26:47','2025-11-05 15:36:36'),(2471,13346,17,NULL,'3117','25.S1..VR.CUR.3117 - ENGLISH NIVEL 1','25.S1..VR.CUR.3117','NO',80.00,1,'2025-11-05 15:26:47','2025-11-05 15:36:38'),(2472,13347,17,NULL,'3118','25.S1..VR.CUR.3118 - ENGLISH NIVEL 2','25.S1..VR.CUR.3118','NO',0.00,0,'2025-11-05 15:26:47','2025-11-05 15:36:39'),(2473,13348,17,NULL,'3119','25.S1..VR.CUR.3119 - ENGLISH NIVEL 2','25.S1..VR.CUR.3119','SI',100.00,24,'2025-11-05 15:26:47','2025-11-05 15:36:40'),(2474,13349,17,NULL,'3120','25.S1..VR.CUR.3120 - ENGLISH NIVEL 2','25.S1..VR.CUR.3120','SI',350.00,0,'2025-11-05 15:26:47','2025-11-05 15:36:41'),(2475,13350,17,NULL,'3121','25.S1..VR.CUR.3121 - ENGLISH NIVEL 2','25.S1..VR.CUR.3121','NO',80.00,0,'2025-11-05 15:26:47','2025-11-05 15:36:43'),(2476,13351,17,NULL,'3122','25.S1..VR.CUR.3122 - ENGLISH NIVEL 3','25.S1..VR.CUR.3122','SI',100.00,24,'2025-11-05 15:26:47','2025-11-05 15:36:44'),(2477,13352,17,NULL,'3123','25.S1..VR.CUR.3123 - ENGLISH NIVEL 4','25.S1..VR.CUR.3123','PENDIENTE',0.00,0,'2025-11-05 15:26:47','2025-11-05 15:26:47'),(2478,13353,17,NULL,'3124','25.S1..VR.CUR.3124 - ENGLISH NIVEL 4','25.S1..VR.CUR.3124','PENDIENTE',0.00,0,'2025-11-05 15:26:47','2025-11-05 15:26:47'),(2479,13354,17,NULL,'3125','25.S1..VR.CUR.3125 - ENGLISH NIVEL 4','25.S1..VR.CUR.3125','PENDIENTE',0.00,0,'2025-11-05 15:26:47','2025-11-05 15:26:47'),(2480,13355,17,NULL,'3126','25.S1..VR.CUR.3126 - ENGLISH NIVEL 4','25.S1..VR.CUR.3126','PENDIENTE',0.00,0,'2025-11-05 15:26:47','2025-11-05 15:26:47'),(2481,13356,17,NULL,'3127','25.S1..VR.CUR.3127 - ENGLISH NIVEL 3','25.S1..VR.CUR.3127','PENDIENTE',0.00,0,'2025-11-05 15:26:47','2025-11-05 15:26:47'),(2482,13357,17,16,'3014','25.S1.EAL5006.VR.B.3014 - CULTURA POLÍTICA','25.S1.EAL5006.VR.B.3014','PENDIENTE',0.00,0,'2025-11-05 15:26:47','2025-11-05 15:26:47'),(2483,13358,17,NULL,'3128','25.S1..VR.CUR.3128 - ENGLISH NIVEL 4','25.S1..VR.CUR.3128','PENDIENTE',0.00,0,'2025-11-05 15:26:47','2025-11-05 15:26:47'),(2484,13359,17,6,'2855','25.S1.CIBER-4004.VR.2855 - PROYECTO DE CIBERSEGURIDAD','25.S1.CIBER-4004.VR.2855','PENDIENTE',0.00,0,'2025-11-05 15:26:47','2025-11-05 15:26:47'),(2485,13362,17,1,'2738','25.S1.ADM4004.VR.2738 - PROYECTO EMPRESARIAL','25.S1.ADM4004.VR.2738','PENDIENTE',0.00,0,'2025-11-05 15:26:47','2025-11-05 15:26:47'),(2486,13363,17,1,'2739','25.S1.ADM4004.VR.2739 - PROYECTO EMPRESARIAL','25.S1.ADM4004.VR.2739','PENDIENTE',0.00,0,'2025-11-05 15:26:47','2025-11-05 15:26:47'),(2487,13364,17,1,'2816','25.S1.ADM-1002.VR.B.2816 - CONTABILIDAD EMPRESARIAL','25.S1.ADM-1002.VR.B.2816','PENDIENTE',0.00,0,'2025-11-05 15:26:47','2025-11-05 15:26:47'),(2488,13365,17,1,'2817','25.S1.ADM-1002.VR.B.2817 - CONTABILIDAD EMPRESARIAL','25.S1.ADM-1002.VR.B.2817','PENDIENTE',0.00,0,'2025-11-05 15:26:47','2025-11-05 15:26:47'),(2489,13367,17,2,'2811','25.S1.MKT-1001.VR.B.2811 - INTRODUCCIÓN AL MARKETING','25.S1.MKT-1001.VR.B.2811','PENDIENTE',0.00,0,'2025-11-05 15:26:47','2025-11-05 15:26:47'),(2490,13368,17,2,'2812','25.S1.MKT-1001.VR.B.2812 - INTRODUCCIÓN AL MARKETING','25.S1.MKT-1001.VR.B.2812','PENDIENTE',0.00,0,'2025-11-05 15:26:47','2025-11-05 15:26:47'),(2491,13370,17,NULL,'2914','25.S1.DWEB1001.VR.A.2914 - APLICACIONES MÓVILES','25.S1.DWEB1001.VR.A.2914','PENDIENTE',0.00,0,'2025-11-05 15:26:47','2025-11-05 15:26:47'),(2492,13371,17,2,'2903','25.S1.MKT4003.VR.2903 - PLAN DE MARKETING DIGITAL','25.S1.MKT4003.VR.2903','PENDIENTE',0.00,0,'2025-11-05 15:26:47','2025-11-05 15:26:47'),(2493,13372,17,2,'2904','25.S1.MKT4003.VR.2904 - PLAN DE MARKETING DIGITAL','25.S1.MKT4003.VR.2904','PENDIENTE',0.00,0,'2025-11-05 15:26:47','2025-11-05 15:26:47'),(2494,13373,17,8,'2876','25.S1.DSOFT-2004.VR.B.2876 - ESTADÍSTICA APLICADA','25.S1.DSOFT-2004.VR.B.2876','PENDIENTE',0.00,0,'2025-11-05 15:26:47','2025-11-05 15:26:47'),(2495,13374,17,NULL,'3129','25.S1..VR.CUR.3129 - ENGLISH NIVEL 2','25.S1..VR.CUR.3129','PENDIENTE',0.00,0,'2025-11-05 15:26:47','2025-11-05 15:26:47'),(2496,13376,17,NULL,'3130','25.S1..VR.CUR.3130 - ENGLISH NIVEL 3','25.S1..VR.CUR.3130','PENDIENTE',0.00,0,'2025-11-05 15:26:47','2025-11-05 15:26:47'),(2497,13382,17,NULL,'WILMA SUSANA MENA JI','WILMA SUSANA MENA JIMENEZ','','PENDIENTE',0.00,0,'2025-11-05 15:26:47','2025-11-05 15:26:47'),(2498,13383,17,NULL,'SUSANA GRACIELA PONC','SUSANA GRACIELA PONCE ANDRADE','','PENDIENTE',0.00,0,'2025-11-05 15:26:47','2025-11-05 15:26:47'),(2499,13384,17,NULL,'DAVID MORALES TABANG','DAVID MORALES TABANGO','','PENDIENTE',0.00,0,'2025-11-05 15:26:47','2025-11-05 15:26:47'),(2500,13385,17,NULL,'SILVIA EDITH TOAPANT','SILVIA EDITH TOAPANTA GALLEGOS','','PENDIENTE',0.00,0,'2025-11-05 15:26:47','2025-11-05 15:26:47'),(2501,13386,17,NULL,'EMELY ZAMBRANO ZAMBR','EMELY ZAMBRANO ZAMBRANO','','PENDIENTE',0.00,0,'2025-11-05 15:26:47','2025-11-05 15:26:47'),(2502,13387,17,NULL,'ROMEL FERNANDO ROJAS','ROMEL FERNANDO ROJAS QUISILEMA','','PENDIENTE',0.00,0,'2025-11-05 15:26:47','2025-11-05 15:26:47'),(2503,13388,17,NULL,'MIRIAN TAPIA LOACHAM','MIRIAN TAPIA LOACHAMIN','','PENDIENTE',0.00,0,'2025-11-05 15:26:47','2025-11-05 15:26:47'),(2504,13389,17,NULL,'JESSICA ABIGAIL PIND','JESSICA ABIGAIL PINDUISACA PILATAXI','','PENDIENTE',0.00,0,'2025-11-05 15:26:47','2025-11-05 15:26:47'),(2505,13390,17,NULL,'JUAN CARLOS SANIPATI','JUAN CARLOS SANIPATIN LANDETA','','PENDIENTE',0.00,0,'2025-11-05 15:26:47','2025-11-05 15:26:47'),(2506,13391,17,NULL,'MAIRA NAYELI CEDEÑO ','MAIRA NAYELI CEDEÑO CAGUA','','PENDIENTE',0.00,0,'2025-11-05 15:26:47','2025-11-05 15:26:47'),(2507,13392,17,NULL,'NANCY GERMANIA NAZAT','NANCY GERMANIA NAZATE MONTENEGRO','','PENDIENTE',0.00,0,'2025-11-05 15:26:47','2025-11-05 15:26:47'),(2508,13393,17,NULL,'ALEXANDRA YADIRA ZUR','ALEXANDRA YADIRA ZURITA HUERTAS','','PENDIENTE',0.00,0,'2025-11-05 15:26:47','2025-11-05 15:26:47'),(2509,13394,17,NULL,'MICHAEL ENRIQUE SANC','MICHAEL ENRIQUE SANCHEZ CARVAJAL','','PENDIENTE',0.00,0,'2025-11-05 15:26:47','2025-11-05 15:26:47'),(2510,13395,17,NULL,'EVELYN RAQUEL VALENC','EVELYN RAQUEL VALENCIA LOZA','','PENDIENTE',0.00,0,'2025-11-05 15:26:47','2025-11-05 15:26:47'),(2511,13396,17,NULL,'LUIS DANIEL JIMENEZ ','LUIS DANIEL JIMENEZ AMAGUAÑA','','PENDIENTE',0.00,0,'2025-11-05 15:26:47','2025-11-05 15:26:47'),(2512,13397,17,NULL,'CARLOS ALEXANDER LOJ','CARLOS ALEXANDER LOJA TOAPANTA','','PENDIENTE',0.00,0,'2025-11-05 15:26:47','2025-11-05 15:26:47'),(2513,13398,17,NULL,'SILVIA PAOLA FREIRE ','SILVIA PAOLA FREIRE COBEÑA','','PENDIENTE',0.00,0,'2025-11-05 15:26:47','2025-11-05 15:26:47'),(2514,13399,17,NULL,'DENNYS ALFONSO VACAC','DENNYS ALFONSO VACACELA USINIA','','PENDIENTE',0.00,0,'2025-11-05 15:26:47','2025-11-05 15:26:47'),(2515,13400,17,NULL,'SANTIAGO RAUL MURIEL','SANTIAGO RAUL MURIEL ANDRADE','','PENDIENTE',0.00,0,'2025-11-05 15:26:47','2025-11-05 15:26:47'),(2516,13401,17,NULL,'NICOLE ESTEFANIA SIM','NICOLE ESTEFANIA SIMBAÑA QUISPE','','PENDIENTE',0.00,0,'2025-11-05 15:26:47','2025-11-05 15:26:47'),(2517,13402,17,NULL,'NIURKA YASURE CASTIL','NIURKA YASURE CASTILLO DIAZ','','PENDIENTE',0.00,0,'2025-11-05 15:26:47','2025-11-05 15:26:47'),(2518,13403,17,NULL,'MELODY CRISTINA MORG','MELODY CRISTINA MORGNER LUNA','','PENDIENTE',0.00,0,'2025-11-05 15:26:47','2025-11-05 15:26:47'),(2519,13404,17,NULL,'MIGUEL SALVADOR MUÑO','MIGUEL SALVADOR MUÑOZ ZAMBRANO','','PENDIENTE',0.00,0,'2025-11-05 15:26:47','2025-11-05 15:26:47'),(2520,13405,17,NULL,'KAREN ESTEFANIA ZUMB','KAREN ESTEFANIA ZUMBA VALAREZO','','PENDIENTE',0.00,0,'2025-11-05 15:26:47','2025-11-05 15:26:47'),(2521,13406,17,NULL,'MIRIAM GABRIELA CUMB','MIRIAM GABRIELA CUMBAL LLULLUNA','','PENDIENTE',0.00,0,'2025-11-05 15:26:47','2025-11-05 15:26:47'),(2522,13407,17,NULL,'NANCY SOLEDAD GUAYAN','NANCY SOLEDAD GUAYANLEMA ATUPAÑA','','PENDIENTE',0.00,0,'2025-11-05 15:26:47','2025-11-05 15:26:47'),(2523,13408,17,NULL,'EMILY RIPALDA CARDEN','EMILY RIPALDA CARDENAS','','PENDIENTE',0.00,0,'2025-11-05 15:26:47','2025-11-05 15:26:47'),(2524,13409,17,NULL,'SEBASTIAN ALEJANDRO ','SEBASTIAN ALEJANDRO QUISHPE CADENA','','PENDIENTE',0.00,0,'2025-11-05 15:26:47','2025-11-05 15:26:47'),(2525,13410,17,NULL,'KAREN HENRIQUEZ TENO','KAREN HENRIQUEZ TENORIO','','PENDIENTE',0.00,0,'2025-11-05 15:26:47','2025-11-05 15:26:47'),(2526,13411,17,NULL,'DANIELA HERMELINDA A','DANIELA HERMELINDA ALMACHE JORDAN','','PENDIENTE',0.00,0,'2025-11-05 15:26:47','2025-11-05 15:26:47'),(2527,13412,17,NULL,'GISSEL ARBOLEDA ALFO','GISSEL ARBOLEDA ALFONSO','','PENDIENTE',0.00,0,'2025-11-05 15:26:47','2025-11-05 15:26:47'),(2528,13413,17,NULL,'ESTHEFANIE JAZMIN SA','ESTHEFANIE JAZMIN SANCHEZ RIVERA','','PENDIENTE',0.00,0,'2025-11-05 15:26:47','2025-11-05 15:26:47'),(2529,13414,17,NULL,'ALEX VINICIO YEPEZ E','ALEX VINICIO YEPEZ ENRIQUEZ','','PENDIENTE',0.00,0,'2025-11-05 15:26:47','2025-11-05 15:26:47'),(2530,13415,17,NULL,'DIANA PATRICIA RODRI','DIANA PATRICIA RODRIGUEZ ZUÑIGA','','PENDIENTE',0.00,0,'2025-11-05 15:26:47','2025-11-05 15:26:47'),(2531,13416,17,NULL,'JOHANA MARCELA CHIRI','JOHANA MARCELA CHIRIBOGA CARLOSAMA','','PENDIENTE',0.00,0,'2025-11-05 15:26:47','2025-11-05 15:26:47'),(2532,13417,17,NULL,'CHRISTIAN SANTIAGO A','CHRISTIAN SANTIAGO ALMAGRO PACHACAMA','','PENDIENTE',0.00,0,'2025-11-05 15:26:47','2025-11-05 15:26:47'),(2533,13418,17,NULL,'ERIKA ELIZABETH ALVA','ERIKA ELIZABETH ALVARADO LOZANO','','PENDIENTE',0.00,0,'2025-11-05 15:26:47','2025-11-05 15:26:47'),(2534,13419,17,NULL,'MONICA AGUILERA DIAZ','MONICA AGUILERA DIAZ','','PENDIENTE',0.00,0,'2025-11-05 15:26:47','2025-11-05 15:26:47'),(2535,13420,17,NULL,'EDUARDO SANCHEZ PAZM','EDUARDO SANCHEZ PAZMIÑO','','PENDIENTE',0.00,0,'2025-11-05 15:26:47','2025-11-05 15:26:47'),(2536,13421,17,NULL,'OLGA LORENA MARCIAL ','OLGA LORENA MARCIAL CRUZ','','PENDIENTE',0.00,0,'2025-11-05 15:26:47','2025-11-05 15:26:47'),(2537,13422,17,NULL,'WILSON ANTONIO RUALE','WILSON ANTONIO RUALES POSSO','','PENDIENTE',0.00,0,'2025-11-05 15:26:47','2025-11-05 15:26:47'),(2538,13423,17,NULL,'MARIA FERNANDA PATIÑ','MARIA FERNANDA PATIÑO VALENCIA','','PENDIENTE',0.00,0,'2025-11-05 15:26:47','2025-11-05 15:26:47'),(2539,13424,17,NULL,'MARIA ISABEL PAEZ ZU','MARIA ISABEL PAEZ ZURITA','','PENDIENTE',0.00,0,'2025-11-05 15:26:47','2025-11-05 15:26:47'),(2540,13425,17,NULL,'EVELYN SIMBAÑA AMAGU','EVELYN SIMBAÑA AMAGUAÑA','','PENDIENTE',0.00,0,'2025-11-05 15:26:47','2025-11-05 15:26:47'),(2541,13426,17,NULL,'LUIS MIGUEL IMBAQUIN','LUIS MIGUEL IMBAQUINGO CABEZAS','','PENDIENTE',0.00,0,'2025-11-05 15:26:47','2025-11-05 15:26:47'),(2542,13427,17,NULL,'YARITZA ARBOLEDA ALF','YARITZA ARBOLEDA ALFONSO','','PENDIENTE',0.00,0,'2025-11-05 15:26:47','2025-11-05 15:26:47'),(2543,13428,17,NULL,'CARMEN PRISCILA BAQU','CARMEN PRISCILA BAQUEDANO CATUCUAGO','','PENDIENTE',0.00,0,'2025-11-05 15:26:47','2025-11-05 15:26:47'),(2544,13429,17,NULL,'PAOLA ANDREA ESPINOZ','PAOLA ANDREA ESPINOZA LOOR','','PENDIENTE',0.00,0,'2025-11-05 15:26:47','2025-11-05 15:26:47'),(2545,13430,17,NULL,'NATALY ESPINOSA VARG','NATALY ESPINOSA VARGAS','','PENDIENTE',0.00,0,'2025-11-05 15:26:47','2025-11-05 15:26:47'),(2546,13431,17,NULL,'ERICK ENRIQUE PROAÑO','ERICK ENRIQUE PROAÑO RIVERA','','PENDIENTE',0.00,0,'2025-11-05 15:26:47','2025-11-05 15:26:47'),(2547,13432,17,NULL,'FANNY CHALACAN ROMER','FANNY CHALACAN ROMERO','','PENDIENTE',0.00,0,'2025-11-05 15:26:47','2025-11-05 15:26:47'),(2548,13433,17,NULL,'MARIA LORENA PONCE M','MARIA LORENA PONCE MIRANDA','','PENDIENTE',0.00,0,'2025-11-05 15:26:47','2025-11-05 15:26:47'),(2549,13434,17,NULL,'JENNY GEOVANNA POVED','JENNY GEOVANNA POVEDA MUÑOZ','','PENDIENTE',0.00,0,'2025-11-05 15:26:47','2025-11-05 15:26:47'),(2550,13435,17,NULL,'JENNY CAROLINA SALVA','JENNY CAROLINA SALVATIERRA VERDEZOTO','','PENDIENTE',0.00,0,'2025-11-05 15:26:47','2025-11-05 15:26:47'),(2551,13436,17,NULL,'ERIKA PAULINA MARCIA','ERIKA PAULINA MARCIAL CRUZ','','PENDIENTE',0.00,0,'2025-11-05 15:26:47','2025-11-05 15:26:47'),(2552,13437,17,NULL,'DIEGO GONZALO DIAZ L','DIEGO GONZALO DIAZ LIMA','','PENDIENTE',0.00,0,'2025-11-05 15:26:47','2025-11-05 15:26:47'),(2553,13438,17,NULL,'PAULINA DEL ROCIO DE','PAULINA DEL ROCIO DELGADO PARRA','','PENDIENTE',0.00,0,'2025-11-05 15:26:47','2025-11-05 15:26:47'),(2554,13439,17,NULL,'MARIA JOSE SOLORZANO','MARIA JOSE SOLORZANO VILLEGAS','','PENDIENTE',0.00,0,'2025-11-05 15:26:47','2025-11-05 15:26:47'),(2555,13440,17,NULL,'MARIA JOSE PORTILLA ','MARIA JOSE PORTILLA REALPE','','PENDIENTE',0.00,0,'2025-11-05 15:26:47','2025-11-05 15:26:47'),(2556,13441,17,NULL,'CAROLINA LISETTE TEL','CAROLINA LISETTE TELLO RENTERIA','','PENDIENTE',0.00,0,'2025-11-05 15:26:47','2025-11-05 15:26:47'),(2557,13442,17,NULL,'DENNISE ALVARADO APO','DENNISE ALVARADO APO','','PENDIENTE',0.00,0,'2025-11-05 15:26:47','2025-11-05 15:26:47'),(2558,13443,17,NULL,'JESUS VALERIA CANDEL','JESUS VALERIA CANDELA ALCIVAR','','PENDIENTE',0.00,0,'2025-11-05 15:26:47','2025-11-05 15:26:47'),(2559,13444,17,NULL,'BYRON GONZALO JARRIN','BYRON GONZALO JARRIN LLUMIQUINGA','','PENDIENTE',0.00,0,'2025-11-05 15:26:47','2025-11-05 15:26:47'),(2560,13637,17,NULL,'3131','25.S1..VR.CUR.3131 - ENGLISH NIVEL 3','25.S1..VR.CUR.3131','PENDIENTE',0.00,0,'2025-11-05 15:26:47','2025-11-05 15:26:47'),(2567,13651,17,10,'2796','25.S1.FPS-1003.VR.B.2796 - COOPERATIVISMO, ASOCIATIVIDAD Y GESTIÓN TERRITORIAL','25.S1.FPS-1003.VR.B.2796','PENDIENTE',0.00,0,'2025-11-05 15:26:47','2025-11-05 15:26:47'),(2568,13659,17,NULL,'3132','25.S1..VR.CUR.3132 - ENGLISH NIVEL 3','25.S1..VR.CUR.3132','PENDIENTE',0.00,0,'2025-11-05 15:26:47','2025-11-05 15:26:47'),(2571,13667,17,8,'3134','25.S1.DSOFT-1001.VR.3134 - INTRODUCCIÓN A LA PROGRAMACIÓN','25.S1.DSOFT-1001.VR.3134','PENDIENTE',0.00,0,'2025-11-05 15:26:47','2025-11-05 15:26:47'),(2572,13674,17,16,'3133','25.S1.EAL5002.VR.B.3133 - HABLAR EN PÚBLICO','25.S1.EAL5002.VR.B.3133','PENDIENTE',0.00,0,'2025-11-05 15:26:47','2025-11-05 15:26:47'),(2573,13675,17,2,'2781','25.S1.MKT3005.VR.2781 - CRM Y GESTIÓN DE VENTAS','25.S1.MKT3005.VR.2781','PENDIENTE',0.00,0,'2025-11-05 15:26:47','2025-11-05 15:26:47'),(2574,13676,17,1,'2799','25.S1.ADM-1001.VR.2799 - INTRODUCCIÓN A LA ADMINISTRACIÓN','25.S1.ADM-1001.VR.2799','PENDIENTE',0.00,0,'2025-11-05 15:26:47','2025-11-05 15:26:47'),(2575,13678,17,2,'2780','25.S1.MKT2003.VR.2780 - INVESTIGACIÓN Y SEGMENTACIÓN DE MERCADOS','25.S1.MKT2003.VR.2780','PENDIENTE',0.00,0,'2025-11-05 15:26:47','2025-11-05 15:26:47'),(2582,13742,17,NULL,'3135','25.S1..PR.CUR.3135 - ENGLISH NIVEL 1','25.S1..PR.CUR.3135','PENDIENTE',0.00,0,'2025-11-05 15:26:47','2025-11-05 15:26:47'),(2583,13774,17,NULL,'3136','25.S1..VR.CUR.3136 - ENGLISH NIVEL 2','25.S1..VR.CUR.3136','PENDIENTE',0.00,0,'2025-11-05 15:26:47','2025-11-05 15:26:47'),(2584,13775,17,NULL,'3137','25.S1..PR.CUR.3137 - ENGLISH NIVEL 3','25.S1..PR.CUR.3137','PENDIENTE',0.00,0,'2025-11-05 15:26:47','2025-11-05 15:26:47'),(2585,13776,17,NULL,'3137','25.S1..VR.CUR.3137 - ENGLISH NIVEL 3','25.S1..VR.CUR.3137','PENDIENTE',0.00,0,'2025-11-05 15:26:47','2025-11-05 15:26:47'),(2586,13777,17,NULL,'3138','25.S1..VR.CUR.3138 - ENGLISH NIVEL 4','25.S1..VR.CUR.3138','PENDIENTE',0.00,0,'2025-11-05 15:26:47','2025-11-05 15:26:47'),(2587,13876,17,NULL,'3205','25.S1..VR.CUR.3205 - ENGLISH NIVEL 4','25.S1..VR.CUR.3205','PENDIENTE',0.00,0,'2025-11-05 15:26:47','2025-11-05 15:26:47'),(2588,13916,17,NULL,'3208','25.S1..VR.CUR.3208 - ENGLISH NIVEL 3','25.S1..VR.CUR.3208','PENDIENTE',0.00,0,'2025-11-05 15:26:47','2025-11-05 15:26:47'),(2589,13917,17,NULL,'3209','25.S1..VR.CUR.3209 - ENGLISH NIVEL 3','25.S1..VR.CUR.3209','PENDIENTE',0.00,0,'2025-11-05 15:26:47','2025-11-05 15:26:47'),(2590,13919,17,NULL,'3210','25.S1..VR.CUR.3210 - ENGLISH NIVEL 4','25.S1..VR.CUR.3210','PENDIENTE',0.00,0,'2025-11-05 15:26:47','2025-11-05 15:26:47'),(2591,13990,17,NULL,'3223','25.S1..VR.CUR.3223 - ENGLISH NIVEL 4','25.S1..VR.CUR.3223','PENDIENTE',0.00,0,'2025-11-05 15:26:47','2025-11-05 15:26:47'),(2592,13991,17,NULL,'3224','25.S1..PR.CUR.3224 - ENGLISH NIVEL 4','25.S1..PR.CUR.3224','PENDIENTE',0.00,0,'2025-11-05 15:26:47','2025-11-05 15:26:47'),(2593,13992,17,NULL,'3224','25.S1..VR.CUR.3224 - ENGLISH NIVEL 4','25.S1..VR.CUR.3224','PENDIENTE',0.00,0,'2025-11-05 15:26:47','2025-11-05 15:26:47'),(2594,14006,21,3,'3414','25.S3.DERMA2001.PR.A.3414 - ALTERACIONES PIGMENTARIAS DE LA PIEL','25.S3.DERMA2001.PR.A.3414','SI',85.00,17,'2025-11-05 15:41:20','2025-11-17 17:52:58'),(2595,14007,21,3,'3416','25.S3.DERMA2001.PR.A.3416 - ALTERACIONES PIGMENTARIAS DE LA PIEL','25.S3.DERMA2001.PR.A.3416','SI',85.00,14,'2025-11-05 15:41:20','2025-11-17 17:52:58'),(2596,14008,21,6,'3403','25.S3.CIBER-4001.VR.B.3403 - ANÁLISIS FORENSE DIGITAL','25.S3.CIBER-4001.VR.B.3403','SI',80.00,4,'2025-11-05 15:41:20','2025-11-17 17:52:58'),(2597,14009,21,2,'3360','25.S3.MKT4001.VR.A.3360 - ANALÍTICA WEB','25.S3.MKT4001.VR.A.3360','SI',70.00,21,'2025-11-05 15:41:20','2025-11-17 17:52:58'),(2598,14010,21,7,'3456','25.S3.POD-1002.PR.A.3456 - ANATOMÍA DE LA EXTREMIDAD INFERIOR','25.S3.POD-1002.PR.A.3456','SI',85.00,17,'2025-11-05 15:41:20','2025-11-17 17:52:58'),(2599,14012,21,4,'3288','25.S3.ADENT1002.PR.A.3288 - ANATOMÍA Y MORFOLOGÍA DENTAL','25.S3.ADENT1002.PR.A.3288','SI',85.00,8,'2025-11-05 15:41:20','2025-11-17 17:52:59'),(2600,14014,21,4,'3292','25.S3.ADENT3003.PR.A.3292 - APARATOLOGÍA FIJA 1','25.S3.ADENT3003.PR.A.3292','SI',85.00,8,'2025-11-05 15:41:20','2025-11-17 17:52:59'),(2601,14015,21,4,'3294','25.S3.ADENT4003.PR.A.3294 - APARATOLOGÍA FIJA 2','25.S3.ADENT4003.PR.A.3294','SI',85.00,8,'2025-11-05 15:41:20','2025-11-17 17:52:59'),(2602,14016,21,4,'3300','25.S3.ADENT3004.PR.B.3300 - APARATOLOGÍA SOBRE IMPLANTES','25.S3.ADENT3004.PR.B.3300','SI',85.00,8,'2025-11-05 15:41:20','2025-11-17 17:52:59'),(2603,14017,21,2,'3361','25.S3.MKT-4004.VR.A.3361 - APLICACIONES MÓVILES','25.S3.MKT-4004.VR.A.3361','SI',85.00,1,'2025-11-05 15:41:20','2025-11-17 17:52:59'),(2604,14018,21,5,'3283','25.S3.DIGMOD4003.PR.B.3283 - ATELIER DE ALTA COSTURA','25.S3.DIGMOD4003.PR.B.3283','SI',85.00,8,'2025-11-05 15:41:20','2025-11-17 17:52:59'),(2605,14019,21,5,'3286','25.S3.DIGMOD1003.PR.A.3286 - ATELIER DE MODA 1','25.S3.DIGMOD1003.PR.A.3286','SI',85.00,3,'2025-11-05 15:41:20','2025-11-17 17:52:59'),(2606,14020,21,5,'3287','25.S3.DIGMOD2003.PR.A.3287 - ATELIER DE MODA 2','25.S3.DIGMOD2003.PR.A.3287','SI',85.00,5,'2025-11-05 15:41:20','2025-11-17 17:52:59'),(2607,14021,21,5,'3271','25.S3.DIGMOD3003.PR.A.3271 - ATELIER DE MODA 3','25.S3.DIGMOD3003.PR.A.3271','SI',85.00,4,'2025-11-05 15:41:20','2025-11-17 17:52:59'),(2608,14023,21,8,'3318','25.S3.DSOFT-2003.VR.A.3318 - BASES DE DATOS','25.S3.DSOFT-2003.VR.A.3318','SI',85.00,1,'2025-11-05 15:41:20','2025-11-17 17:52:59'),(2609,14024,21,8,'3319','25.S3.DSOFT-2003.VR.A.3319 - BASES DE DATOS','25.S3.DSOFT-2003.VR.A.3319','SI',85.00,0,'2025-11-05 15:41:20','2025-11-17 17:52:59'),(2610,14025,21,8,'3320','25.S3.DSOFT-2003.VR.A.3320 - BASES DE DATOS','25.S3.DSOFT-2003.VR.A.3320','SI',85.00,0,'2025-11-05 15:41:20','2025-11-17 17:52:59'),(2611,14026,21,7,'3464','25.S3.POD-1004.PR.B.3464 - BIOLOGÍA CELULAR Y TISULAR','25.S3.POD-1004.PR.B.3464','SI',85.00,6,'2025-11-05 15:41:20','2025-11-17 17:52:59'),(2612,14027,21,4,'3297','25.S3.ADENT1003.PR.B.3297 - BIOMATERIALES DENTALES','25.S3.ADENT1003.PR.B.3297','SI',85.00,17,'2025-11-05 15:41:20','2025-11-17 17:52:59'),(2613,14028,21,7,'3459','25.S3.POD-3001.PR.A.3459 - BIOMECÁNICA PODOLÓGICA 1','25.S3.POD-3001.PR.A.3459','SI',85.00,18,'2025-11-05 15:41:20','2025-11-17 17:52:59'),(2614,14029,21,7,'3462','25.S3.POD-4001.PR.A.3462 - BIOMECÁNICA PODOLÓGICA 2','25.S3.POD-4001.PR.A.3462','SI',85.00,2,'2025-11-05 15:41:20','2025-11-17 17:52:59'),(2615,14033,21,1,'3382','25.S3.ADM4003.VR.B.3382 - BUSINESS INTELLIGENCE','25.S3.ADM4003.VR.B.3382','SI',85.00,6,'2025-11-05 15:41:20','2025-11-17 17:52:59'),(2616,14034,21,4,'3302','25.S3.ADENT4001.PR.B.3302 - CAD CAM-3D','25.S3.ADENT4001.PR.B.3302','SI',85.00,28,'2025-11-05 15:41:20','2025-11-17 17:52:59'),(2617,14035,21,6,'3398','25.S3.CIBER-3001.VR.A.3398 - CIBERINTELIGENCIA','25.S3.CIBER-3001.VR.A.3398','SI',120.00,9,'2025-11-05 15:41:20','2025-11-17 17:52:59'),(2618,14036,21,5,'3274','25.S3.DIGMOD4002.PR.A.3274 - COLECCIÓN DE CALZADO','25.S3.DIGMOD4002.PR.A.3274','SI',85.00,39,'2025-11-05 15:41:20','2025-11-17 17:52:59'),(2619,14037,21,5,'3279','25.S3.DIGMOD2002.HB.B.3279 - COLECCIÓN FEMENINA','25.S3.DIGMOD2002.HB.B.3279','SI',57.00,6,'2025-11-05 15:41:20','2025-11-17 17:52:59'),(2620,14038,21,5,'3272','25.S3.DIGMOD3002.HB.A.3272 - COLECCIÓN MASCULINA E INFANTIL','25.S3.DIGMOD3002.HB.A.3272','SI',100.00,4,'2025-11-05 15:41:20','2025-11-17 17:53:00'),(2621,14039,21,2,'3359','25.S3.MKT3003.VR.B.3359 - COMMUNITY MANAGEMENT','25.S3.MKT3003.VR.B.3359','SI',14.00,3,'2025-11-05 15:41:20','2025-11-17 17:53:00'),(2622,14041,21,1,'3369','25.S3.ADM-2002.VR.B.3369 - CONTABILIDAD DE COSTOS','25.S3.ADM-2002.VR.B.3369','SI',85.00,7,'2025-11-05 15:41:20','2025-11-17 17:53:00'),(2623,14042,21,1,'3370','25.S3.ADM-2002.VR.B.3370 - CONTABILIDAD DE COSTOS','25.S3.ADM-2002.VR.B.3370','SI',20.00,5,'2025-11-05 15:41:20','2025-11-17 17:53:00'),(2624,14043,21,1,'3371','25.S3.ADM-2002.VR.B.3371 - CONTABILIDAD DE COSTOS','25.S3.ADM-2002.VR.B.3371','SI',9.00,6,'2025-11-05 15:41:20','2025-11-17 17:53:00'),(2625,14044,21,1,'3372','25.S3.ADM-2002.VR.B.3372 - CONTABILIDAD DE COSTOS','25.S3.ADM-2002.VR.B.3372','SI',10.00,8,'2025-11-05 15:41:20','2025-11-17 17:53:00'),(2626,14046,21,1,'3390','25.S3.ADM-1002.VR.A.3390 - CONTABILIDAD EMPRESARIAL','25.S3.ADM-1002.VR.A.3390','SI',50.00,15,'2025-11-05 15:41:20','2025-11-17 17:53:00'),(2627,14048,21,6,'3393','25.S3.CIBER-2003.VR.B.3393 - CRIPTOGRAFÍA','25.S3.CIBER-2003.VR.B.3393','SI',85.00,1,'2025-11-05 15:41:20','2025-11-17 17:53:00'),(2628,14049,21,6,'3394','25.S3.CIBER-2003.VR.B.3394 - CRIPTOGRAFÍA','25.S3.CIBER-2003.VR.B.3394','SI',85.00,1,'2025-11-05 15:41:20','2025-11-17 17:53:00'),(2629,14050,21,2,'3358','25.S3.MKT3005.VR.B.3358 - CRM Y GESTIÓN DE VENTAS','25.S3.MKT3005.VR.B.3358','SI',85.00,6,'2025-11-05 15:41:20','2025-11-17 17:53:00'),(2630,14051,21,16,'3325','25.S3.EAL5003.VR.A.3325 - CULTURA DEL VINO','25.S3.EAL5003.VR.A.3325','SI',85.00,43,'2025-11-05 15:41:20','2025-11-17 17:53:00'),(2631,14052,21,16,'3326','25.S3.EAL5003.VR.A.3326 - CULTURA DEL VINO','25.S3.EAL5003.VR.A.3326','SI',90.00,25,'2025-11-05 15:41:20','2025-11-17 17:53:00'),(2632,14053,21,16,'3327','25.S3.EAL5003.VR.A.3327 - CULTURA DEL VINO','25.S3.EAL5003.VR.A.3327','SI',85.00,16,'2025-11-05 15:41:20','2025-11-17 17:53:00'),(2633,14054,21,16,'3328','25.S3.EAL5003.VR.A.3328 - CULTURA DEL VINO','25.S3.EAL5003.VR.A.3328','SI',85.00,10,'2025-11-05 15:41:20','2025-11-17 17:53:00'),(2634,14055,21,16,'3332','25.S3.EAL5006.VR.A.3332 - CULTURA POLÍTICA','25.S3.EAL5006.VR.A.3332','SI',85.00,15,'2025-11-05 15:41:20','2025-11-17 17:53:00'),(2635,14057,21,3,'3427','25.S3.DERMA1003.HB.B.3427 - DERMATOLOGÍA COSMÉTICA 1','25.S3.DERMA1003.HB.B.3427','NO',85.00,0,'2025-11-05 15:41:20','2025-11-17 17:53:00'),(2636,14058,21,3,'3415','25.S3.DERMA2003.HB.A.3415 - DERMATOLOGÍA COSMÉTICA 2','25.S3.DERMA2003.HB.A.3415','SI',85.00,19,'2025-11-05 15:41:20','2025-11-17 17:53:00'),(2637,14059,21,3,'3417','25.S3.DERMA2003.HB.A.3417 - DERMATOLOGÍA COSMÉTICA 2','25.S3.DERMA2003.HB.A.3417','NO',85.00,0,'2025-11-05 15:41:20','2025-11-17 17:53:00'),(2638,14060,21,7,'3469','25.S3.POD-4003.PR.B.3469 - DERMOESTÉTICA PODOLÓGICA','25.S3.POD-4003.PR.B.3469','SI',174.99,0,'2025-11-05 15:41:20','2025-11-17 17:53:00'),(2639,14061,21,3,'3429','25.S3.DERMA2002.PR.B.3429 - DERMOEXFOLIACIÓN QUÍMICA','25.S3.DERMA2002.PR.B.3429','NO',85.00,0,'2025-11-05 15:41:20','2025-11-17 17:53:00'),(2640,14062,21,3,'3431','25.S3.DERMA2002.PR.B.3431 - DERMOEXFOLIACIÓN QUÍMICA','25.S3.DERMA2002.PR.B.3431','NO',85.00,0,'2025-11-05 15:41:20','2025-11-17 17:53:00'),(2641,14063,21,2,'3343','25.S3.MKT2001.VR.A.3343 - DISEÑO DE PÁGINAS WEB','25.S3.MKT2001.VR.A.3343','SI',85.00,9,'2025-11-05 15:41:20','2025-11-17 17:53:01'),(2642,14064,21,2,'3344','25.S3.MKT2001.VR.A.3344 - DISEÑO DE PÁGINAS WEB','25.S3.MKT2001.VR.A.3344','SI',85.00,10,'2025-11-05 15:41:20','2025-11-17 17:53:01'),(2643,14065,21,2,'3345','25.S3.MKT2001.VR.A.3345 - DISEÑO DE PÁGINAS WEB','25.S3.MKT2001.VR.A.3345','NO',85.00,13,'2025-11-05 15:41:20','2025-11-17 17:53:01'),(2644,14066,21,4,'3301','25.S3.ADENT3001.HB.B.3301 - DISEÑO DE SONRISA','25.S3.ADENT3001.HB.B.3301','SI',85.00,9,'2025-11-05 15:41:20','2025-11-17 17:53:01'),(2645,14067,21,3,'3433','25.S3.DERMA3004.HB.B.3433 - DRENAJE LINFÁTICO','25.S3.DERMA3004.HB.B.3433','SI',5.00,4,'2025-11-05 15:41:20','2025-11-17 17:53:01'),(2646,14068,21,3,'3435','25.S3.DERMA3004.HB.B.3435 - DRENAJE LINFÁTICO','25.S3.DERMA3004.HB.B.3435','SI',35.00,4,'2025-11-05 15:41:20','2025-11-17 17:53:01'),(2647,14069,21,2,'3357','25.S3.MKT3004.VR.B.3357 - E-COMMERCE TIENDAS Y BOTONES DE PAGO','25.S3.MKT3004.VR.B.3357','SI',15.00,3,'2025-11-05 15:41:20','2025-11-17 17:53:01'),(2648,14070,21,15,'3349','25.S3.PUB1003.VR.B.3349 - EDICIÓN Y MONTAJE DE VIDEO','25.S3.PUB1003.VR.B.3349','SI',20.00,10,'2025-11-05 15:41:20','2025-11-17 17:53:01'),(2649,14071,21,15,'3350','25.S3.PUB1003.VR.B.3350 - EDICIÓN Y MONTAJE DE VIDEO','25.S3.PUB1003.VR.B.3350','SI',85.00,1,'2025-11-05 15:41:20','2025-11-17 17:53:01'),(2650,14072,21,15,'3351','25.S3.PUB1003.VR.B.3351 - EDICIÓN Y MONTAJE DE VIDEO','25.S3.PUB1003.VR.B.3351','NO',85.00,6,'2025-11-05 15:41:20','2025-11-17 17:53:01'),(2651,14073,21,9,'3443','25.S3.ENF-2003.PR.A.3443 - ENFERMERÍA DEL ADULTO','25.S3.ENF-2003.PR.A.3443','SI',85.00,21,'2025-11-05 15:41:20','2025-11-17 17:53:01'),(2652,14074,21,9,'3445','25.S3.ENF-2003.PR.A.3445 - ENFERMERÍA DEL ADULTO','25.S3.ENF-2003.PR.A.3445','SI',85.00,21,'2025-11-05 15:41:20','2025-11-17 17:53:01'),(2653,14075,21,9,'3446','25.S3.ENF-3001.PR.A.3446 - ENFERMERÍA EN NEONATOLOGÍA','25.S3.ENF-3001.PR.A.3446','SI',85.00,54,'2025-11-05 15:41:20','2025-11-17 17:53:01'),(2654,14076,21,9,'3453','25.S3.ENF-3003.PR.B.3453 - ENFERMERÍA GERIÁTRICA Y CUIDADOS PALIATIVOS','25.S3.ENF-3003.PR.B.3453','SI',85.00,41,'2025-11-05 15:41:20','2025-11-17 17:53:01'),(2655,14077,21,9,'3450','25.S3.ENF-2001.PR.B.3450 - ENFERMERÍA MÉDICO-QUIRÚRGICA','25.S3.ENF-2001.PR.B.3450','SI',100.00,26,'2025-11-05 15:41:20','2025-11-17 17:53:01'),(2656,14078,21,9,'3452','25.S3.ENF-2001.PR.B.3452 - ENFERMERÍA MÉDICO-QUIRÚRGICA','25.S3.ENF-2001.PR.B.3452','SI',100.00,26,'2025-11-05 15:41:20','2025-11-17 17:53:01'),(2657,14079,21,9,'3454','25.S3.ENF-3004.PR.B.3454 - ENFERMERÍA PEDIÁTRICA','25.S3.ENF-3004.PR.B.3454','SI',100.00,6,'2025-11-05 15:41:20','2025-11-17 17:53:01'),(2658,14080,21,3,'3423','25.S3.DERMA4001.PR.A.3423 - ENVEJECIMIENTO CUTÁNEO','25.S3.DERMA4001.PR.A.3423','SI',85.00,13,'2025-11-05 15:41:20','2025-11-17 17:53:01'),(2659,14081,21,3,'3425','25.S3.DERMA4001.PR.A.3425 - ENVEJECIMIENTO CUTÁNEO','25.S3.DERMA4001.PR.A.3425','SI',85.00,13,'2025-11-05 15:41:20','2025-11-17 17:53:01'),(2660,14083,21,16,'3322','25.S3.EAL5001.VR.A.3322 - ESCRITURA ACADÉMICA','25.S3.EAL5001.VR.A.3322','SI',85.00,4,'2025-11-05 15:41:20','2025-11-17 17:53:01'),(2661,14085,21,16,'3340','25.S3.EAL5005.VR.B.3340 - ESTADÍSTICA','25.S3.EAL5005.VR.B.3340','SI',5.00,11,'2025-11-05 15:41:20','2025-11-17 17:53:01'),(2662,14086,21,16,'3341','25.S3.EAL5005.VR.B.3341 - ESTADÍSTICA','25.S3.EAL5005.VR.B.3341','SI',10.00,3,'2025-11-05 15:41:20','2025-11-17 17:53:01'),(2663,14087,21,16,'3342','25.S3.EAL5005.VR.B.3342 - ESTADÍSTICA','25.S3.EAL5005.VR.B.3342','SI',0.00,3,'2025-11-05 15:41:20','2025-11-17 17:53:02'),(2664,14090,21,1,'3373','25.S3.ADM-2003.VR.B.3373 - ESTADÍSTICA APLICADA','25.S3.ADM-2003.VR.B.3373','SI',30.00,10,'2025-11-05 15:41:20','2025-11-17 17:53:02'),(2665,14091,21,1,'3374','25.S3.ADM-2003.VR.B.3374 - ESTADÍSTICA APLICADA','25.S3.ADM-2003.VR.B.3374','NO',0.00,1,'2025-11-05 15:41:20','2025-11-17 17:53:02'),(2666,14092,21,1,'3375','25.S3.ADM-2003.VR.B.3375 - ESTADÍSTICA APLICADA','25.S3.ADM-2003.VR.B.3375','NO',20.00,22,'2025-11-05 15:41:20','2025-11-17 17:53:02'),(2667,14093,21,1,'3376','25.S3.ADM-2003.VR.B.3376 - ESTADÍSTICA APLICADA','25.S3.ADM-2003.VR.B.3376','SI',85.00,15,'2025-11-05 15:41:20','2025-11-17 17:53:02'),(2668,14094,21,3,'3432','25.S3.DERMA3002.PR.B.3432 - ESTÉTICA CORPORAL AVANZADA 1','25.S3.DERMA3002.PR.B.3432','SI',85.00,16,'2025-11-05 15:41:20','2025-11-17 17:53:02'),(2669,14095,21,3,'3434','25.S3.DERMA3002.PR.B.3434 - ESTÉTICA CORPORAL AVANZADA 1','25.S3.DERMA3002.PR.B.3434','NO',0.00,0,'2025-11-05 15:41:20','2025-11-17 17:53:02'),(2670,14096,21,3,'3437','25.S3.DERMA4002.PR.B.3437 - ESTÉTICA CORPORAL AVANZADA 2','25.S3.DERMA4002.PR.B.3437','NO',0.00,0,'2025-11-05 15:41:20','2025-11-17 17:53:02'),(2671,14097,21,3,'3439','25.S3.DERMA4002.PR.B.3439 - ESTÉTICA CORPORAL AVANZADA 2','25.S3.DERMA4002.PR.B.3439','NO',0.00,0,'2025-11-05 15:41:20','2025-11-17 17:53:02'),(2672,14098,21,6,'3400','25.S3.CIBER-4002.VR.A.3400 - EXPLOITING E INGENIERÍA INVERSA','25.S3.CIBER-4002.VR.A.3400','SI',85.00,42,'2025-11-05 15:41:20','2025-11-17 17:53:02'),(2673,14099,21,9,'3449','25.S3.ENF-2002.PR.B.3449 - FARMACOLOGÍA','25.S3.ENF-2002.PR.B.3449','SI',100.00,9,'2025-11-05 15:41:20','2025-11-17 17:53:02'),(2674,14100,21,9,'3451','25.S3.ENF-2002.PR.B.3451 - FARMACOLOGÍA','25.S3.ENF-2002.PR.B.3451','NO',0.00,0,'2025-11-05 15:41:20','2025-11-17 17:53:02'),(2675,14101,21,5,'3277','25.S3.DIGMOD1004.PR.B.3277 - FIGURÍN DE MODA','25.S3.DIGMOD1004.PR.B.3277','SI',85.00,5,'2025-11-05 15:41:20','2025-11-17 17:53:02'),(2676,14103,21,1,'3379','25.S3.ADM3003.VR.B.3379 - FINANZAS CORPORATIVAS','25.S3.ADM3003.VR.B.3379','SI',85.00,4,'2025-11-05 15:41:20','2025-11-17 17:53:02'),(2677,14104,21,7,'3463','25.S3.POD-1003.PR.B.3463 - FISIOPATOLOGÍA DEL PIE','25.S3.POD-1003.PR.B.3463','SI',20.00,0,'2025-11-05 15:41:20','2025-11-17 17:53:02'),(2678,14105,21,5,'3281','25.S3.DIGMOD3005.HB.B.3281 - FOTOGRAFÍA Y EDITORIAL DE MODA','25.S3.DIGMOD3005.HB.B.3281','SI',170.00,55,'2025-11-05 15:41:20','2025-11-17 17:53:02'),(2679,14106,21,3,'3412','25.S3.DERMA1004.PR.A.3412 - FUNDAMENTOS DE QUÍMICA COSMÉTICA','25.S3.DERMA1004.PR.A.3412','SI',85.00,16,'2025-11-05 15:41:20','2025-11-17 17:53:02'),(2680,14108,21,13,'3404','25.S3.GTH-1001.VR.A.3404 - GESTIÓN DEL TALENTO HUMANO','25.S3.GTH-1001.VR.A.3404','SI',85.00,36,'2025-11-05 15:41:20','2025-11-17 17:53:02'),(2681,14109,21,13,'3405','25.S3.GTH-1001.VR.A.3405 - GESTIÓN DEL TALENTO HUMANO','25.S3.GTH-1001.VR.A.3405','SI',85.00,35,'2025-11-05 15:41:20','2025-11-17 17:53:02'),(2682,14110,21,13,'3406','25.S3.GTH-1001.VR.A.3406 - GESTIÓN DEL TALENTO HUMANO','25.S3.GTH-1001.VR.A.3406','SI',85.00,9,'2025-11-05 15:41:20','2025-11-17 17:53:02'),(2683,14111,21,13,'3407','25.S3.GTH-1001.VR.A.3407 - GESTIÓN DEL TALENTO HUMANO','25.S3.GTH-1001.VR.A.3407','SI',85.00,9,'2025-11-05 15:41:20','2025-11-17 17:53:02'),(2684,14113,21,1,'3365','25.S3.ADM-2001.VR.A.3365 - GESTIÓN DE PROCESOS Y CALIDAD','25.S3.ADM-2001.VR.A.3365','SI',85.00,28,'2025-11-05 15:41:20','2025-11-17 17:53:03'),(2685,14114,21,1,'3366','25.S3.ADM-2001.VR.A.3366 - GESTIÓN DE PROCESOS Y CALIDAD','25.S3.ADM-2001.VR.A.3366','SI',85.00,18,'2025-11-05 15:41:20','2025-11-17 17:53:03'),(2686,14115,21,1,'3367','25.S3.ADM-2001.VR.A.3367 - GESTIÓN DE PROCESOS Y CALIDAD','25.S3.ADM-2001.VR.A.3367','SI',85.00,11,'2025-11-05 15:41:20','2025-11-17 17:53:03'),(2687,14116,21,1,'3368','25.S3.ADM-2001.VR.A.3368 - GESTIÓN DE PROCESOS Y CALIDAD','25.S3.ADM-2001.VR.A.3368','SI',85.00,10,'2025-11-05 15:41:20','2025-11-17 17:53:03'),(2688,14117,21,6,'3401','25.S3.CIBER-4003.VR.A.3401 - GESTIÓN DE RIESGOS','25.S3.CIBER-4003.VR.A.3401','SI',85.00,4,'2025-11-05 15:41:20','2025-11-17 17:53:03'),(2689,14120,21,10,'3385','25.S3.FPS-2001.VR.A.3385 - GESTIÓN DE RIESGOS Y CONTROL INTERNO','25.S3.FPS-2001.VR.A.3385','SI',85.00,38,'2025-11-05 15:41:20','2025-11-17 17:53:03'),(2690,14122,21,1,'3381','25.S3.ADM4002.VR.A.3381 - GESTIÓN TRIBUTARIA','25.S3.ADM4002.VR.A.3381','SI',85.00,20,'2025-11-05 15:41:20','2025-11-17 17:53:03'),(2691,14123,21,5,'3275','25.S3.DIGMOD4001.HB.A.3275 - GESTIÓN Y MARKETING DE MODA','25.S3.DIGMOD4001.HB.A.3275','SI',85.00,14,'2025-11-05 15:41:20','2025-11-17 17:53:03'),(2692,14124,21,16,'3324','25.S3.EAL5002.VR.B.3324 - HABLAR EN PÚBLICO','25.S3.EAL5002.VR.B.3324','SI',95.00,23,'2025-11-05 15:41:20','2025-11-17 17:53:03'),(2693,14125,21,16,'3334','25.S3.EAL5002.VR.B.3334 - HABLAR EN PÚBLICO','25.S3.EAL5002.VR.B.3334','SI',10.00,2,'2025-11-05 15:41:20','2025-11-17 17:53:03'),(2694,14126,21,16,'3335','25.S3.EAL5002.VR.B.3335 - HABLAR EN PÚBLICO','25.S3.EAL5002.VR.B.3335','NO',0.00,3,'2025-11-05 15:41:21','2025-11-17 17:53:03'),(2695,14127,21,6,'3399','25.S3.CIBER-3002.VR.B.3399 - HACKING ÉTICO','25.S3.CIBER-3002.VR.B.3399','SI',85.00,17,'2025-11-05 15:41:21','2025-11-17 17:53:03'),(2696,14128,21,4,'3296','25.S3.ADENT1004.HB.B.3296 - HERRAMIENTAS DIGITALES AD','25.S3.ADENT1004.HB.B.3296','SI',85.00,8,'2025-11-05 15:41:21','2025-11-17 17:53:03'),(2697,14131,21,16,'3330','25.S3.EAL5009.VR.A.3330 - HISTORIA DEL ARTE','25.S3.EAL5009.VR.A.3330','SI',85.00,14,'2025-11-05 15:41:21','2025-11-17 17:53:03'),(2698,14132,21,16,'3331','25.S3.EAL5009.VR.A.3331 - HISTORIA DEL ARTE','25.S3.EAL5009.VR.A.3331','SI',85.00,14,'2025-11-05 15:41:21','2025-11-17 17:53:03'),(2699,14133,21,5,'3267','25.S3.DIGMOD1001.HB.A.3267 - HISTORIA Y SOCIOLOGÍA DE LA MODA','25.S3.DIGMOD1001.HB.A.3267','SI',85.00,21,'2025-11-05 15:41:21','2025-11-17 17:53:03'),(2700,14136,21,12,'3471','25.S3.CRIM-1003.PR.B.3471 - IDENTIFICACIÓN DACTILAR Y PAPILOSCOPÍA','25.S3.CRIM-1003.PR.B.3471','NO',0.00,0,'2025-11-05 15:41:21','2025-11-17 17:53:03'),(2701,14137,21,5,'3280','25.S3.DIGMOD2001.PR.B.3280 - ILUSTRACIÓN DE MODA','25.S3.DIGMOD2001.PR.B.3280','SI',85.00,5,'2025-11-05 15:41:21','2025-11-17 17:53:03'),(2702,14138,21,5,'3273','25.S3.DIGMOD3001.VR.A.3273 - INDUSTRIALIZACIÓN DE LA MODA','25.S3.DIGMOD3001.VR.A.3273','SI',85.00,12,'2025-11-05 15:41:21','2025-11-17 17:53:03'),(2703,14139,21,4,'3289','25.S3.ADENT1001.HB.A.3289 - INTRODUCCIÓN A LA APARATOLOGÍA DENTAL','25.S3.ADENT1001.HB.A.3289','SI',85.00,23,'2025-11-05 15:41:21','2025-11-17 17:53:03'),(2704,14141,21,12,'3388','25.S3.CRIM-1001.PR.A.3388 - INTRODUCCIÓN A LA CRIMINALÍSTICA','25.S3.CRIM-1001.PR.A.3388','NO',0.00,0,'2025-11-05 15:41:21','2025-11-17 17:53:03'),(2705,14142,21,9,'3440','25.S3.ENF-1001.PR.A.3440 - INTRODUCCIÓN A LA ENFERMERÍA','25.S3.ENF-1001.PR.A.3440','SI',100.00,19,'2025-11-05 15:41:21','2025-11-17 17:53:03'),(2706,14146,21,7,'3455','25.S3.POD-1001.PR.A.3455 - INTRODUCCIÓN A LA PODOLOGÍA','25.S3.POD-1001.PR.A.3455','SI',85.00,15,'2025-11-05 15:41:21','2025-11-17 17:53:04'),(2707,14147,21,8,'3314','25.S3.DSOFT-1001.VR.A.3314 - INTRODUCCIÓN A LA PROGRAMACIÓN','25.S3.DSOFT-1001.VR.A.3314','SI',85.00,51,'2025-11-05 15:41:21','2025-11-17 17:53:04'),(2708,14148,21,8,'3316','25.S3.DSOFT-1002.VR.B.3316 - INTRODUCCIÓN A LAS COMPUTADORAS Y REDES','25.S3.DSOFT-1002.VR.B.3316','SI',85.00,15,'2025-11-05 15:41:21','2025-11-17 17:53:04'),(2709,14149,21,6,'3392','25.S3.CIBER-1001.VR.A.3392 - INTRODUCCIÓN A LA SEGURIDAD INFORMÁTICA','25.S3.CIBER-1001.VR.A.3392','SI',75.00,24,'2025-11-05 15:41:21','2025-11-17 17:53:04'),(2710,14152,21,10,'3391','25.S3.FPS-1001.VR.B.3391 - INTRODUCCIÓN AL SISTEMA FINANCIERO POPULAR','25.S3.FPS-1001.VR.B.3391','SI',0.00,7,'2025-11-05 15:41:21','2025-11-17 17:53:04'),(2711,14153,21,8,'3315','25.S3.DSOFT-1003.VR.A.3315 - INTRODUCCIÓN A MULTIMEDIA','25.S3.DSOFT-1003.VR.A.3315','SI',85.00,14,'2025-11-05 15:41:21','2025-11-17 17:53:04'),(2712,14154,21,2,'3352','25.S3.MKT2003.VR.B.3352 - INVESTIGACIÓN Y SEGMENTACIÓN DE MERCADOS','25.S3.MKT2003.VR.B.3352','SI',0.00,4,'2025-11-05 15:41:21','2025-11-17 17:53:04'),(2713,14155,21,2,'3353','25.S3.MKT2003.VR.B.3353 - INVESTIGACIÓN Y SEGMENTACIÓN DE MERCADOS','25.S3.MKT2003.VR.B.3353','SI',10.00,5,'2025-11-05 15:41:21','2025-11-17 17:53:04'),(2714,14156,21,2,'3354','25.S3.MKT2003.VR.B.3354 - INVESTIGACIÓN Y SEGMENTACIÓN DE MERCADOS','25.S3.MKT2003.VR.B.3354','SI',0.00,2,'2025-11-05 15:41:21','2025-11-17 17:53:04'),(2715,14159,21,3,'3418','25.S3.DERMA3001.PR.A.3418 - LÁSER Y OTRAS TECNOLOGÍAS EN DERMOESTÉTICA','25.S3.DERMA3001.PR.A.3418','SI',85.00,0,'2025-11-05 15:41:21','2025-11-17 17:53:04'),(2716,14160,21,3,'3420','25.S3.DERMA3001.PR.A.3420 - LÁSER Y OTRAS TECNOLOGÍAS EN DERMOESTÉTICA','25.S3.DERMA3001.PR.A.3420','SI',85.00,0,'2025-11-05 15:41:21','2025-11-17 17:53:04'),(2717,14162,21,10,'3387','25.S3.FPS-2003.VR.B.3387 - LEGISLACIÓN POPULAR Y SOLIDARIA','25.S3.FPS-2003.VR.B.3387','SI',85.00,5,'2025-11-05 15:41:21','2025-11-17 17:53:04'),(2718,14163,21,8,'3317','25.S3.DSOFT-1004.VR.B.3317 - LÓGICA MATEMÁTICA','25.S3.DSOFT-1004.VR.B.3317','SI',85.00,2,'2025-11-05 15:41:21','2025-11-17 17:53:04'),(2719,14165,21,1,'3378','25.S3.ADM3002.VR.A.3378 - LOGÍSTICA Y OPERACIONES','25.S3.ADM3002.VR.A.3378','SI',85.00,9,'2025-11-05 15:41:21','2025-11-17 17:53:04'),(2720,14166,21,2,'3346','25.S3.MKT2002.VR.A.3346 - MARKETING DE CONTENIDOS','25.S3.MKT2002.VR.A.3346','SI',85.00,10,'2025-11-05 15:41:21','2025-11-17 17:53:04'),(2721,14167,21,2,'3347','25.S3.MKT2002.VR.A.3347 - MARKETING DE CONTENIDOS','25.S3.MKT2002.VR.A.3347','SI',85.00,10,'2025-11-05 15:41:21','2025-11-17 17:53:04'),(2722,14168,21,2,'3348','25.S3.MKT2002.VR.A.3348 - MARKETING DE CONTENIDOS','25.S3.MKT2002.VR.A.3348','SI',85.00,10,'2025-11-05 15:41:21','2025-11-17 17:53:04'),(2723,14169,21,2,'3362','25.S3.MKT4002.VR.B.3362 - MARKETING DE SERVICIOS','25.S3.MKT4002.VR.B.3362','SI',85.00,11,'2025-11-05 15:41:21','2025-11-17 17:53:04'),(2724,14171,21,12,'3470','25.S3.CRIM-1002.HB.A.3470 - MÉTODOS DE INVESTIGACIÓN CRIMINAL','25.S3.CRIM-1002.HB.A.3470','NO',0.00,0,'2025-11-05 15:41:21','2025-11-17 17:53:04'),(2725,14172,21,7,'3472','25.S3.POD-2004.PR.B.3472 - MICROBIOLOGÍA EN PODOLOGÍA','25.S3.POD-2004.PR.B.3472','SI',74.99,13,'2025-11-05 15:41:21','2025-11-17 17:53:04'),(2726,14178,21,10,'3386','25.S3.FPS-2002.VR.A.3386 - MICROECONOMÍA POPULAR Y SOLIDARIA','25.S3.FPS-2002.VR.A.3386','SI',85.00,29,'2025-11-05 15:41:21','2025-11-17 17:53:04'),(2727,14179,21,5,'3278','25.S3.DIGMOD1002.HB.B.3278 - MORFOLOGÍA Y PERCEPCIÓN VISUAL','25.S3.DIGMOD1002.HB.B.3278','SI',85.00,15,'2025-11-05 15:41:21','2025-11-17 17:53:05'),(2728,14181,21,1,'3380','25.S3.ADM4001.VR.A.3380 - NEGOCIOS INTERNACIONALES','25.S3.ADM4001.VR.A.3380','SI',85.00,3,'2025-11-05 15:41:21','2025-11-17 17:53:05'),(2729,14182,21,3,'3419','25.S3.DERMA3003.HB.A.3419 - NUTRICIÓN Y SALUD','25.S3.DERMA3003.HB.A.3419','SI',85.00,16,'2025-11-05 15:41:21','2025-11-17 17:53:05'),(2730,14183,21,3,'3421','25.S3.DERMA3003.HB.A.3421 - NUTRICIÓN Y SALUD','25.S3.DERMA3003.HB.A.3421','SI',85.00,16,'2025-11-05 15:41:21','2025-11-17 17:53:05'),(2731,14187,21,4,'3290','25.S3.ADENT2001.HB.A.3290 - OCLUSIÓN DENTAL','25.S3.ADENT2001.HB.A.3290','SI',85.00,8,'2025-11-05 15:41:21','2025-11-17 17:53:05'),(2732,14193,21,4,'3293','25.S3.ADENT3002.HB.A.3293 - ORTOPEDIA DENTAL 1','25.S3.ADENT3002.HB.A.3293','SI',85.00,8,'2025-11-05 15:41:21','2025-11-17 17:53:05'),(2733,14194,21,4,'3303','25.S3.ADENT4002.HB.B.3303 - ORTOPEDIA DENTAL 2','25.S3.ADENT4002.HB.B.3303','SI',85.00,8,'2025-11-05 15:41:21','2025-11-17 17:53:05'),(2734,14195,21,7,'3460','25.S3.POD-3002.PR.A.3460 - ORTOPODOLOGÍA 1','25.S3.POD-3002.PR.A.3460','SI',85.00,10,'2025-11-05 15:41:21','2025-11-17 17:53:05'),(2735,14196,21,7,'3468','25.S3.POD-4002.PR.B.3468 - ORTOPODOLOGÍA 2','25.S3.POD-4002.PR.B.3468','SI',100.00,0,'2025-11-05 15:41:21','2025-11-17 17:53:05'),(2736,14197,21,5,'3282','25.S3.DIGMOD3004.PR.B.3282 - PATRONAJE DIGITAL','25.S3.DIGMOD3004.PR.B.3282','SI',75.00,0,'2025-11-05 15:41:21','2025-11-17 17:53:05'),(2737,14198,21,2,'3356','25.S3.MKT3002.VR.A.3356 - PAUTAJE EN REDES SOCIALES','25.S3.MKT3002.VR.A.3356','SI',70.00,25,'2025-11-05 15:41:21','2025-11-17 17:53:05'),(2738,14199,21,7,'3458','25.S3.POD-2002.PR.A.3458 - PIE DEPORTIVO Y TRAUMÁTICO','25.S3.POD-2002.PR.A.3458','SI',85.00,15,'2025-11-05 15:41:21','2025-11-17 17:53:05'),(2739,14200,21,7,'3466','25.S3.POD-3003.PR.B.3466 - PIE DIABÉTICO','25.S3.POD-3003.PR.B.3466','SI',85.00,5,'2025-11-05 15:41:21','2025-11-17 17:53:05'),(2740,14201,21,7,'3467','25.S3.POD-3004.PR.B.3467 - PIE GERIÁTRICO','25.S3.POD-3004.PR.B.3467','SI',85.00,0,'2025-11-05 15:41:21','2025-11-17 17:53:05'),(2741,14202,21,7,'3465','25.S3.POD-2003.PR.B.3465 - PIE INFANTIL','25.S3.POD-2003.PR.B.3465','SI',85.00,6,'2025-11-05 15:41:21','2025-11-17 17:53:05'),(2742,14203,21,2,'3363','25.S3.MKT4003.VR.3363 - PLAN DE MARKETING DIGITAL','25.S3.MKT4003.VR.3363','SI',33.00,16,'2025-11-05 15:41:21','2025-11-17 17:53:05'),(2743,14204,21,2,'3364','25.S3.MKT4003.VR.3364 - PLAN DE MARKETING DIGITAL','25.S3.MKT4003.VR.3364','SI',33.00,16,'2025-11-05 15:41:21','2025-11-17 17:53:05'),(2744,14206,21,1,'3377','25.S3.ADM3001.VR.A.3377 - PLANIFICACIÓN ESTRATÉGICA','25.S3.ADM3001.VR.A.3377','SI',85.00,7,'2025-11-05 15:41:21','2025-11-17 17:53:05'),(2745,14208,21,4,'3298','25.S3.ADENT2004.PR.B.3298 - PPR APARATOLOGÍA EN CROMO COBALTO','25.S3.ADENT2004.PR.B.3298','SI',85.00,9,'2025-11-05 15:41:21','2025-11-17 17:53:05'),(2746,14209,21,4,'3299','25.S3.ADENT2003.HB.B.3299 - PPR APARATOLOGÍA PARCIAL REMOVIBLE','25.S3.ADENT2003.HB.B.3299','SI',85.00,14,'2025-11-05 15:41:21','2025-11-17 17:53:05'),(2747,14211,21,3,'3428','25.S3.DERMA2004.HB.B.3428 - PRINCIPIOS DE ANATOMÍA Y MORFOLOGÍA','25.S3.DERMA2004.HB.B.3428','SI',85.00,5,'2025-11-05 15:41:21','2025-11-17 17:53:05'),(2748,14212,21,3,'3430','25.S3.DERMA2004.HB.B.3430 - PRINCIPIOS DE ANATOMÍA Y MORFOLOGÍA','25.S3.DERMA2004.HB.B.3430','SI',85.00,5,'2025-11-05 15:41:21','2025-11-17 17:53:06'),(2749,14213,21,3,'3426','25.S3.DERMA1001.PR.B.3426 - PRINCIPIOS DE DERMATOCOSMIATRÍA','25.S3.DERMA1001.PR.B.3426','SI',85.00,10,'2025-11-05 15:41:21','2025-11-17 17:53:06'),(2750,14214,21,4,'3295','25.S3.ADENT4004.HB.3295 - PROYECTO DE APARATOLOGÍA DENTAL','25.S3.ADENT4004.HB.3295','SI',90.00,18,'2025-11-05 15:41:21','2025-11-17 17:53:06'),(2751,14215,21,6,'3402','25.S3.CIBER-4004.VR.3402 - PROYECTO DE CIBERSEGURIDAD','25.S3.CIBER-4004.VR.3402','SI',100.00,10,'2025-11-05 15:41:21','2025-11-17 17:53:06'),(2752,14216,21,3,'3422','25.S3.DERMA4004.PR.3422 - PROYECTO DE DERMATOCOSMIATRÍA','25.S3.DERMA4004.PR.3422','SI',90.00,37,'2025-11-05 15:41:21','2025-11-17 17:53:06'),(2753,14217,21,3,'3424','25.S3.DERMA4004.PR.3424 - PROYECTO DE DERMATOCOSMIATRÍA','25.S3.DERMA4004.PR.3424','SI',95.00,20,'2025-11-05 15:41:21','2025-11-17 17:53:06'),(2754,14218,21,5,'3276','25.S3.DIGMOD4004.HB.3276 - PROYECTO DE MODA','25.S3.DIGMOD4004.HB.3276','SI',185.00,15,'2025-11-05 15:41:21','2025-11-17 17:53:06'),(2755,14219,21,7,'3461','25.S3.POD-4004.HB.3461 - PROYECTO DE PODOLOGÍA','25.S3.POD-4004.HB.3461','SI',100.00,12,'2025-11-05 15:41:21','2025-11-17 17:53:06'),(2756,14221,21,1,'3383','25.S3.ADM4004.VR.3383 - PROYECTO EMPRESARIAL','25.S3.ADM4004.VR.3383','SI',29.00,5,'2025-11-05 15:41:21','2025-11-17 17:53:06'),(2757,14222,21,1,'3384','25.S3.ADM4004.VR.3384 - PROYECTO EMPRESARIAL','25.S3.ADM4004.VR.3384','SI',40.00,1,'2025-11-05 15:41:21','2025-11-17 17:53:06'),(2758,14223,21,4,'3291','25.S3.ADENT2002.PR.A.3291 - PT APARATOLOGÍA TOTAL REMOVIBLE','25.S3.ADENT2002.PR.A.3291','SI',85.00,8,'2025-11-05 15:41:21','2025-11-17 17:53:06'),(2759,14225,21,6,'3397','25.S3.CIBER-3003.VR.A.3397 - SEGURIDAD EN LA RED','25.S3.CIBER-3003.VR.A.3397','SI',85.00,1,'2025-11-05 15:41:21','2025-11-17 17:53:06'),(2760,14226,21,6,'3395','25.S3.CIBER-2002.VR.B.3395 - SEGURIDAD EN SISTEMAS OPERATIVOS','25.S3.CIBER-2002.VR.B.3395','SI',85.00,14,'2025-11-05 15:41:21','2025-11-17 17:53:06'),(2761,14227,21,6,'3396','25.S3.CIBER-2002.VR.B.3396 - SEGURIDAD EN SISTEMAS OPERATIVOS','25.S3.CIBER-2002.VR.B.3396','SI',85.00,14,'2025-11-05 15:41:21','2025-11-17 17:53:06'),(2762,14228,21,2,'3355','25.S3.MKT3001.VR.A.3355 - SEM Y SEO','25.S3.MKT3001.VR.A.3355','SI',85.00,32,'2025-11-05 15:41:21','2025-11-17 17:53:06'),(2763,14231,21,5,'3270','25.S3.DIGMOD2004.HB.A.3270 - TECNOLOGÍA TEXTIL','25.S3.DIGMOD2004.HB.A.3270','SI',85.00,10,'2025-11-05 15:41:21','2025-11-17 17:53:06'),(2764,14232,21,7,'3457','25.S3.POD-2001.PR.A.3457 - TERAPEÚTICA PODOLÓGICA','25.S3.POD-2001.PR.A.3457','SI',85.00,11,'2025-11-05 15:41:21','2025-11-17 17:53:06'),(2765,14234,21,12,'3389','25.S3.CRIM-1004.HB.B.3389 - TOPOGRAFÍA Y FOTOGRAFÍA FORENSE','25.S3.CRIM-1004.HB.B.3389','NO',0.00,0,'2025-11-05 15:41:21','2025-11-17 17:53:06'),(2766,14235,21,NULL,'3304','25.S3..ENG-001.PR.CUR.3304 - ENGLISH NIVEL 1','25.S3..ENG-001.PR.CUR.3304','NO',0.00,0,'2025-11-05 15:41:21','2025-11-17 17:53:06'),(2767,14238,21,NULL,'3306','25.S3..ENG-003.PR.CUR.3306 - ENGLISH NIVEL 3','25.S3..ENG-003.PR.CUR.3306','NO',0.00,0,'2025-11-05 15:41:21','2025-11-17 17:53:06'),(2768,14239,21,NULL,'3307','25.S3..ENG-004.PR.CUR.3307 - ENGLISH NIVEL 4','25.S3..ENG-004.PR.CUR.3307','NO',0.00,0,'2025-11-05 15:41:21','2025-11-17 17:53:06'),(2769,14240,21,9,'3473','25.S3.ENF-3002.PR.A.3473 - GINECO-OBSTETRICIA','25.S3.ENF-3002.PR.A.3473','SI',85.00,1,'2025-11-05 15:41:21','2025-11-17 17:53:06'),(2770,14242,21,11,'3474','25.S3.EMED-1001.PR.B.3474 - AMBULANCIA Y ATENCIÓN PREHOSPITALARIA','25.S3.EMED-1001.PR.B.3474','NO',5.00,0,'2025-11-05 15:41:21','2025-11-17 17:53:07'),(2771,14244,21,14,'3475','25.S3.FISIO-1002.PR.B.3475 - TERAPÉUTICA FARMACOLÓGICA EN FISIOTERAPIA','25.S3.FISIO-1002.PR.B.3475','NO',0.00,0,'2025-11-05 15:41:21','2025-11-17 17:53:07'),(2772,14245,21,16,'3476','25.S3.EAL5003.VR.A.3476 - CULTURA DEL VINO','25.S3.EAL5003.VR.A.3476','SI',85.00,10,'2025-11-05 15:41:21','2025-11-17 17:53:07'),(2773,14246,21,16,'3477','25.S3.EAL5003.VR.A.3477 - CULTURA DEL VINO','25.S3.EAL5003.VR.A.3477','SI',85.00,44,'2025-11-05 15:41:21','2025-11-17 17:53:07'),(2774,14247,21,16,'3478','25.S3.EAL5003.VR.A.3478 - CULTURA DEL VINO','25.S3.EAL5003.VR.A.3478','SI',85.00,16,'2025-11-05 15:41:21','2025-11-17 17:53:07'),(2775,14248,21,16,'3479','25.S3.EAL5003.VR.A.3479 - CULTURA DEL VINO','25.S3.EAL5003.VR.A.3479','SI',85.00,10,'2025-11-05 15:41:21','2025-11-17 17:53:07'),(2776,14249,21,16,'3480','25.S3.EAL5003.VR.A.3480 - CULTURA DEL VINO','25.S3.EAL5003.VR.A.3480','SI',85.00,0,'2025-11-05 15:41:21','2025-11-17 17:53:07'),(2777,14250,21,16,'3481','25.S3.EAL5003.VR.A.3481 - CULTURA DEL VINO','25.S3.EAL5003.VR.A.3481','SI',85.00,14,'2025-11-05 15:41:21','2025-11-17 17:53:07'),(2778,14251,21,16,'3483','25.S3.EAL5006.VR.A.3483 - CULTURA POLÍTICA','25.S3.EAL5006.VR.A.3483','SI',85.00,23,'2025-11-05 15:41:21','2025-11-17 17:53:07'),(2779,14253,21,16,'3482','25.S3.EAL5009.VR.A.3482 - HISTORIA DEL ARTE','25.S3.EAL5009.VR.A.3482','SI',85.00,80,'2025-11-05 15:41:21','2025-11-17 17:53:07'),(2780,14260,21,8,'3502','25.S3.DSOFT-3001.VR.B.3502 - APLICACIONES ANDROID','25.S3.DSOFT-3001.VR.B.3502','SI',85.00,22,'2025-11-05 15:41:21','2025-11-17 17:53:07'),(2781,14261,21,8,'3504','25.S3.DSOFT-3002.VR.B.3504 - APLICACIONES IOS','25.S3.DSOFT-3002.VR.B.3504','NO',0.00,1,'2025-11-05 15:41:21','2025-11-17 17:53:07'),(2782,14262,21,8,'3494','25.S3.DSOFT-2001.VR.B.3494 - DESARROLLO WEB CLIENT-SIDE','25.S3.DSOFT-2001.VR.B.3494','SI',95.00,19,'2025-11-05 15:41:21','2025-11-17 17:53:07'),(2783,14263,21,8,'3495','25.S3.DSOFT-2001.VR.B.3495 - DESARROLLO WEB CLIENT-SIDE','25.S3.DSOFT-2001.VR.B.3495','SI',100.00,22,'2025-11-05 15:41:21','2025-11-17 17:53:07'),(2784,14264,21,8,'3501','25.S3.DSOFT-3004.VR.A.3501 - DESARROLLO WEB SERVER-SIDE','25.S3.DSOFT-3004.VR.A.3501','SI',100.00,13,'2025-11-05 15:41:21','2025-11-17 17:53:07'),(2785,14265,21,8,'3503','25.S3.DSOFT-3005.VR.B.3503 - DISEÑO DE UI/UX DE PRODUCTOS DIGITALES','25.S3.DSOFT-3005.VR.B.3503','SI',100.00,11,'2025-11-05 15:41:21','2025-11-17 17:53:07'),(2786,14266,21,8,'3496','25.S3.DSOFT-2004.VR.B.3496 - ESTADÍSTICA APLICADA','25.S3.DSOFT-2004.VR.B.3496','SI',85.00,3,'2025-11-05 15:41:21','2025-11-17 17:53:07'),(2787,14267,21,8,'3497','25.S3.DSOFT-2004.VR.B.3497 - ESTADÍSTICA APLICADA','25.S3.DSOFT-2004.VR.B.3497','SI',85.00,0,'2025-11-05 15:41:21','2025-11-17 17:53:07'),(2788,14268,21,16,'3491','25.S3.EAL5002.VR.B.3491 - HABLAR EN PÚBLICO','25.S3.EAL5002.VR.B.3491','NO',0.00,0,'2025-11-05 15:41:21','2025-11-17 17:53:07'),(2789,14269,21,8,'3492','25.S3.DSOFT-2002.VR.A.3492 - PROGRAMACIÓN ORIENTADA A OBJETOS','25.S3.DSOFT-2002.VR.A.3492','SI',85.00,31,'2025-11-05 15:41:21','2025-11-17 17:53:07'),(2790,14270,21,8,'3493','25.S3.DSOFT-2002.VR.A.3493 - PROGRAMACIÓN ORIENTADA A OBJETOS','25.S3.DSOFT-2002.VR.A.3493','SI',85.00,38,'2025-11-05 15:41:21','2025-11-17 17:53:07'),(2791,14271,21,8,'3498','25.S3.DSOFT-3003.VR.A.3498 - PYTHON Y ANALÍTICA DE DATOS','25.S3.DSOFT-3003.VR.A.3498','SI',170.00,2,'2025-11-05 15:41:21','2025-11-17 17:53:08'),(2792,14272,21,8,'3499','25.S3.DSOFT-3003.VR.A.3499 - PYTHON Y ANALÍTICA DE DATOS','25.S3.DSOFT-3003.VR.A.3499','SI',159.00,2,'2025-11-05 15:41:21','2025-11-17 17:53:08'),(2793,14274,21,6,'3505','25.S3.CIBER-3004.VR.B.3505 - SEGURIDAD Y AUDITORÍA DE BASE DE DATOS','25.S3.CIBER-3004.VR.B.3505','SI',100.00,21,'2025-11-05 15:41:21','2025-11-17 17:53:08'),(2794,14275,21,3,'3438','25.S3.DERMA4003.HB.B.3438 - ALTERACIONES DEL CUERO CABELLUDO','25.S3.DERMA4003.HB.B.3438','SI',85.00,12,'2025-11-05 15:41:21','2025-11-17 17:53:08'),(2795,14276,21,3,'3436','25.S3.DERMA4003.HB.B.3436 - ALTERACIONES DEL CUERO CABELLUDO','25.S3.DERMA4003.HB.B.3436','SI',85.00,12,'2025-11-05 15:41:21','2025-11-17 17:53:08'),(2796,14278,21,3,'3413','25.S3.DERMA1002.HB.A.3413 - ANATOMOFISIOLOGÍA DE LA PIEL','25.S3.DERMA1002.HB.A.3413','SI',85.00,14,'2025-11-05 15:41:21','2025-11-17 17:53:08'),(2797,14279,21,16,'3321','25.S3.EAL5001.VR.A.3321 - ESCRITURA ACADÉMICA','25.S3.EAL5001.VR.A.3321','SI',85.00,4,'2025-11-05 15:41:21','2025-11-17 17:53:08'),(2798,14281,21,14,'3410','25.S3.FISIO-1001.PR.A.3410 - INTRODUCCIÓN A LA FISIOTERAPIA','25.S3.FISIO-1001.PR.A.3410','NO',0.00,0,'2025-11-05 15:41:21','2025-11-17 17:53:08'),(2799,14282,21,14,'3411','25.S3.FISIO-1003.PR.B.3411 - KINESIOLOGÍA','25.S3.FISIO-1003.PR.B.3411','NO',0.00,0,'2025-11-05 15:41:21','2025-11-17 17:53:08'),(2800,14283,21,11,'3409','25.S3.EMED-1003.PR.B.3409 - MICROBIOLOGÍA Y FARMACOLOGÍA','25.S3.EMED-1003.PR.B.3409','SI',85.00,9,'2025-11-05 15:41:21','2025-11-17 17:53:08'),(2801,14284,21,3,'3444','25.S3.DERMA-3003.PR.A.3444 - NUTRICIÓN Y SALUD','25.S3.DERMA-3003.PR.A.3444','SI',85.00,22,'2025-11-05 15:41:21','2025-11-17 17:53:08'),(2802,14285,21,3,'3442','25.S3.DERMA-3003.PR.A.3442 - NUTRICIÓN Y SALUD','25.S3.DERMA-3003.PR.A.3442','SI',85.00,19,'2025-11-05 15:41:21','2025-11-17 17:53:08'),(2803,14287,21,11,'3408','25.S3.EMED-1002.PR.A.3408 - TÉCNICAS DE RESCATE Y SALVAMENTO','25.S3.EMED-1002.PR.A.3408','SI',85.00,54,'2025-11-05 15:41:21','2025-11-17 17:53:08'),(2804,14288,21,16,'3490','25.S3.EAL5001.VR.A.3490 - ESCRITURA ACADÉMICA','25.S3.EAL5001.VR.A.3490','SI',85.00,3,'2025-11-05 15:41:21','2025-11-17 17:53:08'),(2805,14299,21,1,'3313','25.S3.ADM2003.VR.A.3313 - ESTADÍSTICA APLICADA','25.S3.ADM2003.VR.A.3313','SI',85.00,15,'2025-11-05 15:41:21','2025-11-17 17:53:08'),(2806,14300,21,2,'3312','25.S3.MKT1001.VR.A.3312 - INTRODUCCIÓN AL MARKETING','25.S3.MKT1001.VR.A.3312','NO',85.00,7,'2025-11-05 15:41:21','2025-11-17 17:53:08'),(2807,14301,21,15,'3311','25.S3.PUB1002.VR.B.3311 - CREATIVIDAD PUBLICITARIA','25.S3.PUB1002.VR.B.3311','SI',15.00,5,'2025-11-05 15:41:21','2025-11-17 17:53:08'),(2808,14302,21,15,'3310','25.S3.PUB1001.VR.B.3310 - HERRAMIENTAS GRÁFICAS','25.S3.PUB1001.VR.B.3310','SI',20.00,16,'2025-11-05 15:41:21','2025-11-17 17:53:08'),(2809,14308,21,NULL,'3520','25.S3..ENG-001.VR.CUR.3520 - ENGLISH NIVEL 1','25.S3..ENG-001.VR.CUR.3520','SI',85.00,0,'2025-11-05 15:41:21','2025-11-17 17:53:08'),(2810,14309,21,NULL,'3521','25.S3..ENG-001.VR.CUR.3521 - ENGLISH NIVEL 1','25.S3..ENG-001.VR.CUR.3521','SI',85.00,18,'2025-11-05 15:41:21','2025-11-17 17:53:08'),(2811,14310,21,NULL,'3304','25.S3..ENG-001.VR.CUR.3304 - ENGLISH NIVEL 1','25.S3..ENG-001.VR.CUR.3304','SI',85.00,18,'2025-11-05 15:41:21','2025-11-17 17:53:08'),(2812,14311,21,NULL,'3522','25.S3..ENG-002.VR.CUR.3522 - ENGLISH NIVEL 2','25.S3..ENG-002.VR.CUR.3522','SI',500.00,0,'2025-11-05 15:41:21','2025-11-17 17:53:08'),(2813,14312,21,NULL,'3305','25.S3..ENG-002.VR.CUR.3305 - ENGLISH NIVEL 2','25.S3..ENG-002.VR.CUR.3305','NO',85.00,0,'2025-11-05 15:41:21','2025-11-17 17:53:09'),(2814,14313,21,NULL,'3523','25.S3..ENG-002.VR.CUR.3523 - ENGLISH NIVEL 2','25.S3..ENG-002.VR.CUR.3523','NO',90.00,1,'2025-11-05 15:41:21','2025-11-17 17:53:09'),(2815,14314,21,NULL,'3306','25.S3..ENG-003.VR.CUR.3306 - ENGLISH NIVEL 3','25.S3..ENG-003.VR.CUR.3306','NO',89.50,1,'2025-11-05 15:41:21','2025-11-17 17:53:09'),(2816,14315,21,NULL,'3525','25.S3..ENG-003.VR.CUR.3525 - ENGLISH NIVEL 3','25.S3..ENG-003.VR.CUR.3525','SI',500.00,0,'2025-11-05 15:41:21','2025-11-17 17:53:09'),(2817,14316,21,NULL,'3524','25.S3..ENG-003.VR.CUR.3524 - ENGLISH NIVEL 3','25.S3..ENG-003.VR.CUR.3524','NO',79.50,2,'2025-11-05 15:41:21','2025-11-17 17:53:09'),(2818,14317,21,NULL,'3526','25.S3..ENG-004.VR.CUR.3526 - ENGLISH NIVEL 4','25.S3..ENG-004.VR.CUR.3526','SI',85.00,20,'2025-11-05 15:41:21','2025-11-17 17:53:09'),(2819,14318,21,NULL,'3307','25.S3..ENG-004.VR.CUR.3307 - ENGLISH NIVEL 4','25.S3..ENG-004.VR.CUR.3307','SI',500.00,0,'2025-11-05 15:41:21','2025-11-17 17:53:09'),(2820,14319,21,NULL,'3527','25.S3..ENG-004.VR.CUR.3527 - ENGLISH NIVEL 4','25.S3..ENG-004.VR.CUR.3527','NO',0.00,0,'2025-11-05 15:41:21','2025-11-17 17:53:09'),(2821,14329,21,16,'3509','25.S3.EAL5010.VR.B.3509 - ETIQUETA Y PROTOCOLO','25.S3.EAL5010.VR.B.3509','SI',75.00,1,'2025-11-05 15:41:21','2025-11-17 17:53:09'),(2822,14330,21,16,'3510','25.S3.EAL5010.VR.B.3510 - ETIQUETA Y PROTOCOLO','25.S3.EAL5010.VR.B.3510','SI',85.00,5,'2025-11-05 15:41:21','2025-11-17 17:53:09'),(2823,14331,21,16,'3512','25.S3.EAL5010.VR.B.3512 - ETIQUETA Y PROTOCOLO','25.S3.EAL5010.VR.B.3512','SI',85.00,3,'2025-11-05 15:41:21','2025-11-17 17:53:09'),(2824,14332,21,16,'3514','25.S3.EAL5010.VR.B.3514 - ETIQUETA Y PROTOCOLO','25.S3.EAL5010.VR.B.3514','SI',85.00,5,'2025-11-05 15:41:21','2025-11-17 17:53:09'),(2825,14333,21,16,'3516','25.S3.EAL5010.VR.B.3516 - ETIQUETA Y PROTOCOLO','25.S3.EAL5010.VR.B.3516','NO',5.00,2,'2025-11-05 15:41:21','2025-11-17 17:53:09'),(2826,14334,21,16,'3508','25.S3.EAL5008.VR.B.3508 - HABILIDADES SOCIALES','25.S3.EAL5008.VR.B.3508','NO',0.00,0,'2025-11-05 15:41:21','2025-11-17 17:53:09'),(2827,14335,21,16,'3511','25.S3.EAL5008.VR.B.3511 - HABILIDADES SOCIALES','25.S3.EAL5008.VR.B.3511','SI',85.00,1,'2025-11-05 15:41:21','2025-11-17 17:53:09'),(2828,14336,21,16,'3513','25.S3.EAL5008.VR.B.3513 - HABILIDADES SOCIALES','25.S3.EAL5008.VR.B.3513','SI',85.00,19,'2025-11-05 15:41:21','2025-11-17 17:53:09'),(2829,14337,21,16,'3515','25.S3.EAL5008.VR.B.3515 - HABILIDADES SOCIALES','25.S3.EAL5008.VR.B.3515','SI',85.00,3,'2025-11-05 15:41:21','2025-11-17 17:53:09'),(2830,14338,21,16,'3517','25.S3.EAL5008.VR.B.3517 - HABILIDADES SOCIALES','25.S3.EAL5008.VR.B.3517','SI',6.25,0,'2025-11-05 15:41:21','2025-11-17 17:53:09'),(2831,14339,21,NULL,'3519','25.S3..ENG-002.VR.CUR.3519 - ENGLISH NIVEL 2','25.S3..ENG-002.VR.CUR.3519','NO',100.00,0,'2025-11-05 15:41:21','2025-11-17 17:53:09'),(2832,14340,21,NULL,'3528','25.S3..ENG-003.VR.CUR.3528 - ENGLISH NIVEL 3','25.S3..ENG-003.VR.CUR.3528','NO',0.00,0,'2025-11-05 15:41:21','2025-11-17 17:53:09'),(2833,14341,21,NULL,'3529','25.S3..ENG-004.VR.CUR.3529 - ENGLISH NIVEL 4','25.S3..ENG-004.VR.CUR.3529','NO',10.00,3,'2025-11-05 15:41:21','2025-11-17 17:53:09'),(2834,14572,21,10,'3531','25.S3.FPS-1002.VR.B.3531 - INTRODUCCIÓN A LAS OPERACIONES FINANCIERAS','25.S3.FPS-1002.VR.B.3531','SI',0.00,6,'2025-11-05 15:41:21','2025-11-17 17:53:10'),(2835,14577,21,9,'3530','25.S3.ENF-1002.PR.A.3530 - ANATOMÍA Y FISIOLOGÍA HUMANA','25.S3.ENF-1002.PR.A.3530','SI',85.00,6,'2025-11-05 15:41:21','2025-11-17 17:53:10'),(2836,14656,21,NULL,'3532','25.S3..ENG-003.VR.CUR.3532 - ENGLISH NIVEL 3','25.S3..ENG-003.VR.CUR.3532','NO',0.00,0,'2025-11-05 15:41:21','2025-11-17 17:53:10'),(2837,14659,21,NULL,'3535','25.S3.SECOM2000.VR.A.3535 - SERVICIO COMUNITARIO','25.S3.SECOM2000.VR.A.3535','SI',70.00,2,'2025-11-05 15:41:21','2025-11-17 17:53:10'),(2838,14660,21,NULL,'3536','25.S3.PRASEM1000.VR.A.3536 - PRÁCTICAS EMPRESARIALES','25.S3.PRASEM1000.VR.A.3536','SI',60.00,2,'2025-11-05 15:41:21','2025-11-17 17:53:10'),(2839,14674,21,NULL,'3537','25.S3..ENG-003.VR.CUR.3537 - ENGLISH NIVEL 3','25.S3..ENG-003.VR.CUR.3537','NO',100.00,0,'2025-11-05 15:41:21','2025-11-17 17:53:10'),(2840,14677,21,15,'3543','25.S3.PUB1002.VR.B.3543 - CREATIVIDAD PUBLICITARIA','25.S3.PUB1002.VR.B.3543','NO',20.00,3,'2025-11-05 15:41:21','2025-11-17 17:53:10'),(2841,14678,21,16,'3538','25.S3.EAL5010.VR.B.3538 - ETIQUETA Y PROTOCOLO','25.S3.EAL5010.VR.B.3538','SI',15.00,4,'2025-11-05 15:41:21','2025-11-17 17:53:10'),(2842,14679,21,16,'3539','25.S3.EAL5010.VR.B.3539 - ETIQUETA Y PROTOCOLO','25.S3.EAL5010.VR.B.3539','SI',15.00,4,'2025-11-05 15:41:21','2025-11-17 17:53:10'),(2843,14680,21,16,'3540','25.S3.EAL5010.VR.B.3540 - ETIQUETA Y PROTOCOLO','25.S3.EAL5010.VR.B.3540','SI',85.00,5,'2025-11-05 15:41:21','2025-11-17 17:53:10'),(2844,14681,21,16,'3541','25.S3.EAL5008.VR.B.3541 - HABILIDADES SOCIALES','25.S3.EAL5008.VR.B.3541','SI',85.00,13,'2025-11-05 15:41:21','2025-11-17 17:53:10'),(2845,14682,21,16,'3542','25.S3.EAL5008.VR.B.3542 - HABILIDADES SOCIALES','25.S3.EAL5008.VR.B.3542','SI',14.40,2,'2025-11-05 15:41:21','2025-11-17 17:53:10'),(2846,14758,21,NULL,'3544','25.S3..ENG-004.PR.CUR.3544 - ENGLISH NIVEL 4','25.S3..ENG-004.PR.CUR.3544','NO',0.00,1,'2025-11-05 15:41:21','2025-11-17 17:53:10'),(2847,14759,21,NULL,'3545','25.S3..ENG-003.PR.CUR.3545 - ENGLISH NIVEL 3','25.S3..ENG-003.PR.CUR.3545','NO',30.00,0,'2025-11-05 15:41:21','2025-11-17 17:53:10'),(2848,14760,21,NULL,'3546','25.S3..ENG-003.PR.CUR.3546 - ENGLISH NIVEL 3','25.S3..ENG-003.PR.CUR.3546','NO',0.00,0,'2025-11-05 15:41:21','2025-11-17 17:53:10'),(2849,14761,21,NULL,'3547','25.S3..ENG-002.PR.CUR.3547 - ENGLISH NIVEL 2','25.S3..ENG-002.PR.CUR.3547','NO',0.00,0,'2025-11-05 15:41:21','2025-11-17 17:53:10'),(2850,14762,21,NULL,'3548','25.S3..ENG-001.PR.CUR.3548 - ENGLISH NIVEL 1','25.S3..ENG-001.PR.CUR.3548','NO',0.00,0,'2025-11-05 15:41:21','2025-11-17 17:53:10'),(2851,14763,21,NULL,'3549','25.S3..ENG-002.PR.CUR.3549 - ENGLISH NIVEL 2','25.S3..ENG-002.PR.CUR.3549','NO',0.00,0,'2025-11-05 15:41:21','2025-11-17 17:53:10'),(2852,14764,21,NULL,'3550','25.S3..ENG-001.PR.CUR.3550 - ENGLISH NIVEL 1','25.S3..ENG-001.PR.CUR.3550','NO',0.00,0,'2025-11-05 15:41:21','2025-11-17 17:53:10'),(2853,14772,21,NULL,'Grupo -1','Grupo -1 - Equipo # 1','Grupo -1','PENDIENTE',0.00,0,'2025-11-10 14:27:17','2025-11-17 17:53:12'),(2854,14773,21,NULL,'Grupo','Grupo - 2 - Equipo # 2','Grupo - 2','PENDIENTE',0.00,0,'2025-11-10 14:27:18','2025-11-17 17:53:13'),(2855,14774,21,NULL,'Grupo','Grupo - 3 - Equipo # 3','Grupo - 3','PENDIENTE',0.00,0,'2025-11-10 14:27:20','2025-11-17 17:53:14'),(2856,14775,21,NULL,'DG','DG - DAVID GUERRON','DG','PENDIENTE',0.00,0,'2025-11-10 14:27:21','2025-11-17 17:53:16'),(2857,14876,22,NULL,'3801','26.S1..ENG-001.PR.CUR.3801 - ENGLISH NIVEL 1','26.S1..ENG-001.PR.CUR.3801','NO',30.00,0,'2026-02-02 14:44:20','2026-02-02 14:44:22'),(2858,14877,22,NULL,'3805','26.S1..ENG-001.PR.CUR.3805 - ENGLISH NIVEL 1','26.S1..ENG-001.PR.CUR.3805','NO',30.00,0,'2026-02-02 14:44:22','2026-02-02 14:44:24'),(2859,14878,22,NULL,'3802','26.S1..ENG-002.PR.CUR.3802 - ENGLISH NIVEL 2','26.S1..ENG-002.PR.CUR.3802','NO',30.00,0,'2026-02-02 14:44:24','2026-02-02 14:44:27'),(2860,14879,22,NULL,'3806','26.S1..ENG-002.PR.CUR.3806 - ENGLISH NIVEL 2','26.S1..ENG-002.PR.CUR.3806','NO',30.00,0,'2026-02-02 14:44:27','2026-02-02 14:44:29'),(2861,14880,22,NULL,'3803','26.S1..ENG-003.PR.CUR.3803 - ENGLISH NIVEL 3','26.S1..ENG-003.PR.CUR.3803','NO',30.00,0,'2026-02-02 14:44:29','2026-02-02 14:44:31'),(2862,14881,22,NULL,'3804','26.S1..ENG-004.PR.CUR.3804 - ENGLISH NIVEL 4','26.S1..ENG-004.PR.CUR.3804','NO',48.00,7,'2026-02-02 14:44:31','2026-02-02 14:44:33'),(2863,14882,22,NULL,'3807','26.S1..ENG-003.PR.CUR.3807 - ENGLISH NIVEL 3','26.S1..ENG-003.PR.CUR.3807','NO',30.00,0,'2026-02-02 14:44:34','2026-02-02 14:44:36'),(2864,14883,22,NULL,'3808','26.S1..ENG-004.PR.CUR.3808 - ENGLISH NIVEL 4','26.S1..ENG-004.PR.CUR.3808','NO',30.00,0,'2026-02-02 14:44:36','2026-02-02 14:44:38'),(2865,14884,22,4,'3569','26.S1.ADENT1002.PR.A.3569 - ANATOMÍA Y MORFOLOGÍA DENTAL','26.S1.ADENT1002.PR.A.3569','SI',85.00,8,'2026-02-02 14:44:38','2026-02-02 14:44:40'),(2866,14885,22,4,'3575','26.S1.ADENT3003.PR.A.3575 - APARATOLOGÍA FIJA 1','26.S1.ADENT3003.PR.A.3575','SI',85.00,8,'2026-02-02 14:44:41','2026-02-02 14:44:43'),(2867,14886,22,4,'3577','26.S1.ADENT4003.PR.A.3577 - APARATOLOGÍA FIJA 2','26.S1.ADENT4003.PR.A.3577','SI',85.00,8,'2026-02-02 14:44:43','2026-02-02 14:44:45'),(2868,14887,22,4,'3585','26.S1.ADENT3004.PR.B.3585 - APARATOLOGÍA SOBRE IMPLANTES','26.S1.ADENT3004.PR.B.3585','NO',0.00,0,'2026-02-02 14:44:45','2026-02-02 14:44:48'),(2869,14888,22,4,'3579','26.S1.ADENT1003.PR.B.3579 - BIOMATERIALES DENTALES','26.S1.ADENT1003.PR.B.3579','NO',0.00,0,'2026-02-02 14:44:48','2026-02-02 14:44:50'),(2870,14889,22,4,'3587','26.S1.ADENT4001.PR.B.3587 - CAD CAM-3D','26.S1.ADENT4001.PR.B.3587','NO',0.00,0,'2026-02-02 14:44:50','2026-02-02 14:44:52'),(2871,14891,22,4,'3580','26.S1.ADENT-1005.HB.B.3580 - DISEÑO DENTAL DIGITAL','26.S1.ADENT-1005.HB.B.3580','NO',0.00,0,'2026-02-02 14:44:52','2026-02-02 14:44:54'),(2872,14892,22,4,'3586','26.S1.ADENT3001.HB.B.3586 - DISEÑO DE SONRISA','26.S1.ADENT3001.HB.B.3586','NO',0.00,0,'2026-02-02 14:44:54','2026-02-02 14:44:57'),(2873,14893,22,4,'3570','26.S1.ADENT1001.HB.A.3570 - INTRODUCCIÓN A LA APARATOLOGÍA DENTAL','26.S1.ADENT1001.HB.A.3570','SI',85.00,24,'2026-02-02 14:44:57','2026-02-02 14:45:00'),(2874,14894,22,4,'3573','26.S1.ADENT2001.HB.A.3573 - OCLUSIÓN DENTAL','26.S1.ADENT2001.HB.A.3573','SI',85.00,10,'2026-02-02 14:45:00','2026-02-02 14:45:03'),(2875,14895,22,4,'3574','26.S1.ADENT2001.HB.A.3574 - OCLUSIÓN DENTAL','26.S1.ADENT2001.HB.A.3574','SI',85.00,8,'2026-02-02 14:45:03','2026-02-02 14:45:05'),(2876,14896,22,4,'3576','26.S1.ADENT3002.HB.A.3576 - ORTOPEDIA DENTAL 1','26.S1.ADENT3002.HB.A.3576','SI',85.00,8,'2026-02-02 14:45:05','2026-02-02 14:45:08'),(2877,14897,22,4,'3588','26.S1.ADENT4002.HB.B.3588 - ORTOPEDIA DENTAL 2','26.S1.ADENT4002.HB.B.3588','NO',0.00,0,'2026-02-02 14:45:08','2026-02-02 14:45:10'),(2878,14898,22,4,'3581','26.S1.ADENT2004.PR.B.3581 - PPR APARATOLOGÍA EN CROMO COBALTO','26.S1.ADENT2004.PR.B.3581','NO',0.00,0,'2026-02-02 14:45:10','2026-02-02 14:45:12'),(2879,14899,22,4,'3582','26.S1.ADENT2004.PR.B.3582 - PPR APARATOLOGÍA EN CROMO COBALTO','26.S1.ADENT2004.PR.B.3582','NO',0.00,0,'2026-02-02 14:45:12','2026-02-02 14:45:18'),(2880,14900,22,4,'3583','26.S1.ADENT2003.HB.B.3583 - PPR APARATOLOGÍA PARCIAL REMOVIBLE','26.S1.ADENT2003.HB.B.3583','NO',0.00,0,'2026-02-02 14:45:18','2026-02-02 14:45:21'),(2881,14901,22,4,'3584','26.S1.ADENT2003.HB.B.3584 - PPR APARATOLOGÍA PARCIAL REMOVIBLE','26.S1.ADENT2003.HB.B.3584','NO',0.00,0,'2026-02-02 14:45:21','2026-02-02 14:45:23'),(2882,14902,22,4,'3578','26.S1.ADENT4004.HB.3578 - PROYECTO DE APARATOLOGÍA DENTAL','26.S1.ADENT4004.HB.3578','SI',90.00,18,'2026-02-02 14:45:23','2026-02-02 14:45:26'),(2883,14903,22,4,'3571','26.S1.ADENT2002.PR.A.3571 - PT APARATOLOGÍA TOTAL REMOVIBLE','26.S1.ADENT2002.PR.A.3571','SI',85.00,8,'2026-02-02 14:45:26','2026-02-02 14:45:28'),(2884,14904,22,4,'3572','26.S1.ADENT2002.PR.A.3572 - PT APARATOLOGÍA TOTAL REMOVIBLE','26.S1.ADENT2002.PR.A.3572','SI',85.00,8,'2026-02-02 14:45:28','2026-02-02 14:45:30'),(2885,14905,22,3,'3744','26.S1.DERMA4003.HB.B.3744 - ALTERACIONES DEL CUERO CABELLUDO','26.S1.DERMA4003.HB.B.3744','NO',0.00,0,'2026-02-02 14:45:30','2026-02-02 14:45:33'),(2886,14906,22,3,'3745','26.S1.DERMA4003.HB.B.3745 - ALTERACIONES DEL CUERO CABELLUDO','26.S1.DERMA4003.HB.B.3745','NO',0.00,0,'2026-02-02 14:45:33','2026-02-02 14:45:35'),(2887,14907,22,3,'3792','26.S1.DERMA2001.PR.A.3792 - ALTERACIONES PIGMENTARIAS DE LA PIEL','26.S1.DERMA2001.PR.A.3792','SI',85.00,14,'2026-02-02 14:45:35','2026-02-02 14:45:37'),(2888,14908,22,3,'3793','26.S1.DERMA2001.PR.A.3793 - ALTERACIONES PIGMENTARIAS DE LA PIEL','26.S1.DERMA2001.PR.A.3793','SI',85.00,14,'2026-02-02 14:45:37','2026-02-02 14:45:40'),(2889,14910,22,6,'3780','26.S1.CIBER-4001.VR.B.3780 - ANÁLISIS FORENSE DIGITAL','26.S1.CIBER-4001.VR.B.3780','NO',0.00,0,'2026-02-02 14:45:40','2026-02-02 14:45:42'),(2890,14911,22,2,'3689','26.S1.MKT4001.VR.A.3689 - ANALÍTICA WEB','26.S1.MKT4001.VR.A.3689','SI',0.00,6,'2026-02-02 14:45:42','2026-02-02 14:45:45'),(2891,14912,22,7,'3600','26.S1.POD-1002.PR.A.3600 - ANATOMÍA DE LA EXTREMIDAD INFERIOR','26.S1.POD-1002.PR.A.3600','NO',85.00,4,'2026-02-02 14:45:45','2026-02-02 14:45:48'),(2892,14914,22,9,'3620','26.S1.ENF-1002.PR.A.3620 - ANATOMÍA Y FISIOLOGÍA HUMANA','26.S1.ENF-1002.PR.A.3620','SI',5.00,3,'2026-02-02 14:45:48','2026-02-02 14:45:50'),(2893,14915,22,3,'3791','26.S1.DERMA1002.HB.A.3791 - ANATOMOFISIOLOGÍA DE LA PIEL','26.S1.DERMA1002.HB.A.3791','NO',5.00,0,'2026-02-02 14:45:50','2026-02-02 14:45:52'),(2894,14916,22,2,'3690','26.S1.MKT-4004.VR.A.3690 - APLICACIONES MÓVILES','26.S1.MKT-4004.VR.A.3690','SI',85.00,1,'2026-02-02 14:45:52','2026-02-02 14:45:55'),(2895,14917,22,5,'3568','26.S1.DIGMOD4003.PR.B.3568 - ATELIER DE ALTA COSTURA','26.S1.DIGMOD4003.PR.B.3568','NO',0.00,0,'2026-02-02 14:45:55','2026-02-02 14:45:58'),(2896,14918,22,5,'3553','26.S1.DIGMOD1003.PR.A.3553 - ATELIER DE MODA 1','26.S1.DIGMOD1003.PR.A.3553','SI',85.00,5,'2026-02-02 14:45:58','2026-02-02 14:46:00'),(2897,14919,22,5,'3554','26.S1.DIGMOD2003.PR.A.3554 - ATELIER DE MODA 2','26.S1.DIGMOD2003.PR.A.3554','SI',85.00,5,'2026-02-02 14:46:00','2026-02-02 14:46:03'),(2898,14920,22,5,'3556','26.S1.DIGMOD3003.PR.A.3556 - ATELIER DE MODA 3','26.S1.DIGMOD3003.PR.A.3556','SI',85.00,4,'2026-02-02 14:46:03','2026-02-02 14:46:05'),(2899,14921,22,8,'3751','26.S1.DSOFT-2003.VR.A.3751 - BASES DE DATOS','26.S1.DSOFT-2003.VR.A.3751','SI',5.00,2,'2026-02-02 14:46:05','2026-02-02 14:46:08'),(2900,14922,22,7,'3610','26.S1.POD-1004.PR.B.3610 - BIOLOGÍA CELULAR Y TISULAR','26.S1.POD-1004.PR.B.3610','NO',0.00,0,'2026-02-02 14:46:08','2026-02-02 14:46:10'),(2901,14923,22,7,'3605','26.S1.POD-3001.PR.A.3605 - BIOMECÁNICA PODOLÓGICA 1','26.S1.POD-3001.PR.A.3605','SI',85.00,7,'2026-02-02 14:46:10','2026-02-02 14:46:12'),(2902,14924,22,7,'3608','26.S1.POD-4001.PR.A.3608 - BIOMECÁNICA PODOLÓGICA 2','26.S1.POD-4001.PR.A.3608','SI',15.00,1,'2026-02-02 14:46:12','2026-02-02 14:46:14'),(2903,14925,22,1,'3714','26.S1.ADM4003.VR.B.3714 - BUSINESS INTELLIGENCE','26.S1.ADM4003.VR.B.3714','NO',0.00,0,'2026-02-02 14:46:15','2026-02-02 14:46:17'),(2904,14926,22,6,'3769','26.S1.CIBER-3001.VR.A.3769 - CIBERINTELIGENCIA','26.S1.CIBER-3001.VR.A.3769','SI',10.00,1,'2026-02-02 14:46:17','2026-02-02 14:46:20'),(2905,14927,22,6,'3770','26.S1.CIBER-3001.VR.A.3770 - CIBERINTELIGENCIA','26.S1.CIBER-3001.VR.A.3770','SI',10.00,1,'2026-02-02 14:46:20','2026-02-02 14:46:22'),(2906,14928,22,5,'3559','26.S1.DIGMOD4002.PR.A.3559 - COLECCIÓN DE CALZADO','26.S1.DIGMOD4002.PR.A.3559','SI',85.00,39,'2026-02-02 14:46:22','2026-02-02 14:46:25'),(2907,14929,22,5,'3564','26.S1.DIGMOD2002.HB.B.3564 - COLECCIÓN FEMENINA','26.S1.DIGMOD2002.HB.B.3564','NO',0.00,0,'2026-02-02 14:46:25','2026-02-02 14:46:29'),(2908,14930,22,5,'3557','26.S1.DIGMOD3002.HB.A.3557 - COLECCIÓN MASCULINA E INFANTIL','26.S1.DIGMOD3002.HB.A.3557','SI',100.00,4,'2026-02-02 14:46:29','2026-02-02 14:46:34'),(2909,14931,22,2,'3687','26.S1.MKT3003.VR.B.3687 - COMMUNITY MANAGEMENT','26.S1.MKT3003.VR.B.3687','NO',0.00,0,'2026-02-02 14:46:34','2026-02-02 14:46:37'),(2910,14932,22,2,'3688','26.S1.MKT3003.VR.B.3688 - COMMUNITY MANAGEMENT','26.S1.MKT3003.VR.B.3688','NO',0.00,0,'2026-02-02 14:46:37','2026-02-02 14:46:39'),(2911,14933,22,15,'3668','26.S1.PUB1002.VR.A.3668 - CREATIVIDAD PUBLICITARIA','26.S1.PUB1002.VR.A.3668','SI',0.00,2,'2026-02-02 14:46:39','2026-02-02 14:46:41'),(2912,14934,22,2,'3681','26.S1.MKT3005.VR.B.3681 - CRM Y GESTIÓN DE VENTAS','26.S1.MKT3005.VR.B.3681','NO',0.00,0,'2026-02-02 14:46:41','2026-02-02 14:46:43'),(2913,14935,22,2,'3682','26.S1.MKT3005.VR.B.3682 - CRM Y GESTIÓN DE VENTAS','26.S1.MKT3005.VR.B.3682','NO',0.00,0,'2026-02-02 14:46:44','2026-02-02 14:46:46'),(2914,14936,22,2,'3683','26.S1.MKT3005.VR.B.3683 - CRM Y GESTIÓN DE VENTAS','26.S1.MKT3005.VR.B.3683','NO',0.00,0,'2026-02-02 14:46:46','2026-02-02 14:46:48'),(2915,14937,22,2,'3684','26.S1.MKT3005.VR.B.3684 - CRM Y GESTIÓN DE VENTAS','26.S1.MKT3005.VR.B.3684','NO',0.00,0,'2026-02-02 14:46:48','2026-02-02 14:46:50'),(2916,14938,22,2,'3685','26.S1.MKT3005.VR.B.3685 - CRM Y GESTIÓN DE VENTAS','26.S1.MKT3005.VR.B.3685','NO',0.00,0,'2026-02-02 14:46:50','2026-02-02 14:46:53'),(2917,14939,22,2,'3686','26.S1.MKT3005.VR.B.3686 - CRM Y GESTIÓN DE VENTAS','26.S1.MKT3005.VR.B.3686','NO',0.00,0,'2026-02-02 14:46:53','2026-02-02 14:46:55'),(2918,14940,22,16,'3639','26.S1.EAL5003.VR.B.3639 - CULTURA DEL VINO','26.S1.EAL5003.VR.B.3639','NO',0.00,0,'2026-02-02 14:46:55','2026-02-02 14:46:57'),(2919,14941,22,16,'3636','26.S1.EAL5003.VR.A.3636 - CULTURA DEL VINO','26.S1.EAL5003.VR.A.3636','SI',85.00,15,'2026-02-02 14:46:57','2026-02-02 14:46:59'),(2920,14942,22,16,'3637','26.S1.EAL5003.VR.A.3637 - CULTURA DEL VINO','26.S1.EAL5003.VR.A.3637','SI',85.00,9,'2026-02-02 14:46:59','2026-02-02 14:47:02'),(2921,14943,22,16,'3638','26.S1.EAL5003.VR.A.3638 - CULTURA DEL VINO','26.S1.EAL5003.VR.A.3638','SI',85.00,9,'2026-02-02 14:47:02','2026-02-02 14:47:04'),(2922,14944,22,16,'3665','26.S1.EAL5006.VR.B.3665 - CULTURA POLÍTICA','26.S1.EAL5006.VR.B.3665','NO',0.00,0,'2026-02-02 14:47:05','2026-02-02 14:47:07'),(2923,14945,22,16,'3666','26.S1.EAL5006.VR.B.3666 - CULTURA POLÍTICA','26.S1.EAL5006.VR.B.3666','NO',0.00,0,'2026-02-02 14:47:07','2026-02-02 14:47:09'),(2924,14946,22,16,'3663','26.S1.EAL5006.VR.A.3663 - CULTURA POLÍTICA','26.S1.EAL5006.VR.A.3663','SI',0.00,4,'2026-02-02 14:47:09','2026-02-02 14:47:11'),(2925,14947,22,16,'3664','26.S1.EAL5006.VR.A.3664 - CULTURA POLÍTICA','26.S1.EAL5006.VR.A.3664','SI',84.99,28,'2026-02-02 14:47:11','2026-02-02 14:47:14'),(2926,14948,22,3,'3735','26.S1.DERMA1003.HB.B.3735 - DERMATOLOGÍA COSMÉTICA 1','26.S1.DERMA1003.HB.B.3735','NO',0.00,0,'2026-02-02 14:47:14','2026-02-02 14:47:17'),(2927,14949,22,3,'3794','26.S1.DERMA2003.HB.A.3794 - DERMATOLOGÍA COSMÉTICA 2','26.S1.DERMA2003.HB.A.3794','NO',85.00,0,'2026-02-02 14:47:17','2026-02-02 14:47:19'),(2928,14950,22,3,'3795','26.S1.DERMA2003.HB.A.3795 - DERMATOLOGÍA COSMÉTICA 2','26.S1.DERMA2003.HB.A.3795','NO',85.00,0,'2026-02-02 14:47:19','2026-02-02 14:47:22'),(2929,14951,22,7,'3618','26.S1.POD-4003.PR.B.3618 - DERMOESTÉTICA PODOLÓGICA','26.S1.POD-4003.PR.B.3618','NO',0.00,0,'2026-02-02 14:47:22','2026-02-02 14:47:25'),(2930,14952,22,3,'3736','26.S1.DERMA2002.PR.B.3736 - DERMOEXFOLIACIÓN QUÍMICA','26.S1.DERMA2002.PR.B.3736','NO',0.00,0,'2026-02-02 14:47:25','2026-02-02 14:47:27'),(2931,14953,22,3,'3737','26.S1.DERMA2002.PR.B.3737 - DERMOEXFOLIACIÓN QUÍMICA','26.S1.DERMA2002.PR.B.3737','NO',0.00,0,'2026-02-02 14:47:27','2026-02-02 14:47:29'),(2932,14955,22,8,'3755','26.S1.DSOFT-3006.VR.A.3755 - DESARROLLO MÓVIL MULTIPLATAFORMA','26.S1.DSOFT-3006.VR.A.3755','SI',85.00,6,'2026-02-02 14:47:29','2026-02-02 14:47:32'),(2933,14956,22,8,'3756','26.S1.DSOFT-3006.VR.A.3756 - DESARROLLO MÓVIL MULTIPLATAFORMA','26.S1.DSOFT-3006.VR.A.3756','SI',85.00,6,'2026-02-02 14:47:32','2026-02-02 14:47:34'),(2934,14958,22,8,'3765','26.S1.DSOFT-4006.VR.A.3765 - DESARROLLO SEGURO DE SOFTWARE','26.S1.DSOFT-4006.VR.A.3765','NO',0.00,0,'2026-02-02 14:47:34','2026-02-02 14:47:37'),(2935,14959,22,8,'3753','26.S1.DSOFT-2001.VR.B.3753 - DESARROLLO WEB CLIENT-SIDE','26.S1.DSOFT-2001.VR.B.3753','NO',0.00,0,'2026-02-02 14:47:37','2026-02-02 14:47:39'),(2936,14960,22,8,'3757','26.S1.DSOFT-3004.VR.A.3757 - DESARROLLO WEB SERVER-SIDE','26.S1.DSOFT-3004.VR.A.3757','SI',100.00,12,'2026-02-02 14:47:39','2026-02-02 14:47:41'),(2937,14961,22,8,'3758','26.S1.DSOFT-3004.VR.A.3758 - DESARROLLO WEB SERVER-SIDE','26.S1.DSOFT-3004.VR.A.3758','SI',100.00,13,'2026-02-02 14:47:41','2026-02-02 14:47:44'),(2938,14962,22,2,'3671','26.S1.MKT2001.VR.A.3671 - DISEÑO DE PÁGINAS WEB','26.S1.MKT2001.VR.A.3671','NO',85.00,13,'2026-02-02 14:47:44','2026-02-02 14:47:46'),(2939,14963,22,8,'3763','26.S1.DSOFT-3005.VR.B.3763 - DISEÑO DE UI/UX DE PRODUCTOS DIGITALES','26.S1.DSOFT-3005.VR.B.3763','NO',0.00,0,'2026-02-02 14:47:46','2026-02-02 14:47:48'),(2940,14964,22,8,'3764','26.S1.DSOFT-3005.VR.B.3764 - DISEÑO DE UI/UX DE PRODUCTOS DIGITALES','26.S1.DSOFT-3005.VR.B.3764','NO',0.00,0,'2026-02-02 14:47:49','2026-02-02 14:47:51'),(2941,14965,22,3,'3740','26.S1.DERMA3004.HB.B.3740 - DRENAJE LINFÁTICO','26.S1.DERMA3004.HB.B.3740','NO',0.00,0,'2026-02-02 14:47:51','2026-02-02 14:47:53'),(2942,14966,22,3,'3741','26.S1.DERMA3004.HB.B.3741 - DRENAJE LINFÁTICO','26.S1.DERMA3004.HB.B.3741','NO',0.00,0,'2026-02-02 14:47:54','2026-02-02 14:47:56'),(2943,14967,22,2,'3679','26.S1.MKT3004.VR.B.3679 - E-COMMERCE TIENDAS Y BOTONES DE PAGO','26.S1.MKT3004.VR.B.3679','NO',0.00,0,'2026-02-02 14:47:56','2026-02-02 14:47:58'),(2944,14968,22,2,'3680','26.S1.MKT3004.VR.B.3680 - E-COMMERCE TIENDAS Y BOTONES DE PAGO','26.S1.MKT3004.VR.B.3680','NO',0.00,0,'2026-02-02 14:47:58','2026-02-02 14:48:00'),(2945,14969,22,15,'3673','26.S1.PUB1003.VR.B.3673 - EDICIÓN Y MONTAJE DE VIDEO','26.S1.PUB1003.VR.B.3673','NO',0.00,0,'2026-02-02 14:48:00','2026-02-02 14:48:02'),(2946,14971,22,11,'3598','26.S1.EMED-2002.PR.B.3598 - EMERGENCIAS CLÍNICAS','26.S1.EMED-2002.PR.B.3598','NO',0.00,0,'2026-02-02 14:48:02','2026-02-02 14:48:04'),(2947,14973,22,11,'3595','26.S1.EMED-2001.PR.A.3595 - EMERGENCIAS TRAUMÁTICAS Y SOPORTE VITAL','26.S1.EMED-2001.PR.A.3595','SI',65.00,7,'2026-02-02 14:48:04','2026-02-02 14:48:06'),(2948,14974,22,9,'3623','26.S1.ENF-4001.PR.A.3623 - ENFERMERÍA EN CUIDADOS INTENSIVOS Y URGENCIAS','26.S1.ENF-4001.PR.A.3623','SI',100.00,50,'2026-02-02 14:48:06','2026-02-02 14:48:09'),(2949,14975,22,9,'3621','26.S1.ENF-3001.PR.A.3621 - ENFERMERÍA EN NEONATOLOGÍA','26.S1.ENF-3001.PR.A.3621','NO',0.00,0,'2026-02-02 14:48:09','2026-02-02 14:48:11'),(2950,14976,22,9,'3622','26.S1.ENF-3001.PR.A.3622 - ENFERMERÍA EN NEONATOLOGÍA','26.S1.ENF-3001.PR.A.3622','SI',85.00,54,'2026-02-02 14:48:11','2026-02-02 14:48:13'),(2951,14977,22,1,'3706','26.S1.ADM3003.VR.B.3706 - FINANZAS CORPORATIVAS','26.S1.ADM3003.VR.B.3706','NO',0.00,0,'2026-02-02 14:48:13','2026-02-02 14:48:16'),(2952,14978,22,16,'3653','26.S1.EAL5009.VR.A.3653 - HISTORIA DEL ARTE','26.S1.EAL5009.VR.A.3653','SI',85.00,80,'2026-02-02 14:48:16','2026-02-02 14:48:19'),(2953,14979,22,9,'3787','26.S1.ENF-4003.HB.3787 - ENFERMERÍA EN SALUD OCUPACIONAL','26.S1.ENF-4003.HB.3787','NO',0.00,0,'2026-02-02 14:48:19','2026-02-02 14:48:21'),(2954,14981,22,2,'3710','26.S1.MKT2003.VR.B.3710 - INVESTIGACIÓN Y SEGMENTACIÓN DE MERCADOS','26.S1.MKT2003.VR.B.3710','NO',0.00,0,'2026-02-02 14:48:21','2026-02-02 14:48:23'),(2955,14982,22,9,'3629','26.S1.ENF-4004.PR.B.3629 - ENFERMERÍA FAMILIAR Y COMUNITARIA','26.S1.ENF-4004.PR.B.3629','NO',0.00,0,'2026-02-02 14:48:23','2026-02-02 14:48:25'),(2956,14983,22,1,'3701','26.S1.ADM3002.VR.A.3701 - LOGÍSTICA Y OPERACIONES','26.S1.ADM3002.VR.A.3701','SI',85.00,10,'2026-02-02 14:48:25','2026-02-02 14:48:27'),(2957,14984,22,1,'3698','26.S1.ADM3001.VR.A.3698 - PLANIFICACIÓN ESTRATÉGICA','26.S1.ADM3001.VR.A.3698','SI',0.00,3,'2026-02-02 14:48:27','2026-02-02 14:48:29'),(2958,14985,22,9,'3627','26.S1.ENF-3003.PR.B.3627 - ENFERMERÍA GERIÁTRICA Y CUIDADOS PALIATIVOS','26.S1.ENF-3003.PR.B.3627','NO',0.00,0,'2026-02-02 14:48:29','2026-02-02 14:48:31'),(2959,14986,22,9,'3782','26.S1.ENF-3003.PR.3782 - ENFERMERÍA GERIÁTRICA Y CUIDADOS PALIATIVOS','26.S1.ENF-3003.PR.3782','NO',0.00,0,'2026-02-02 14:48:31','2026-02-02 14:48:33'),(2960,14987,22,9,'3628','26.S1.ENF-3004.PR.B.3628 - ENFERMERÍA PEDIÁTRICA','26.S1.ENF-3004.PR.B.3628','NO',0.00,0,'2026-02-02 14:48:33','2026-02-02 14:48:35'),(2961,14988,22,9,'3783','26.S1.ENF-3004.PR.3783 - ENFERMERÍA PEDIÁTRICA','26.S1.ENF-3004.PR.3783','NO',0.00,0,'2026-02-02 14:48:35','2026-02-02 14:48:37'),(2962,14990,22,9,'3786','26.S1.ENF-4002.PR.3786 - ENFERMERÍA PSQUIÁTRICA Y SALUD MENTAL','26.S1.ENF-4002.PR.3786','SI',0.00,0,'2026-02-02 14:48:37','2026-02-02 14:48:39'),(2963,14991,22,3,'3796','26.S1.DERMA4001.PR.A.3796 - ENVEJECIMIENTO CUTÁNEO','26.S1.DERMA4001.PR.A.3796','SI',85.00,9,'2026-02-02 14:48:39','2026-02-02 14:48:41'),(2964,14992,22,3,'3797','26.S1.DERMA4001.PR.A.3797 - ENVEJECIMIENTO CUTÁNEO','26.S1.DERMA4001.PR.A.3797','SI',85.00,9,'2026-02-02 14:48:41','2026-02-02 14:48:43'),(2965,14993,22,16,'3630','26.S1.EAL5001.VR.A.3630 - ESCRITURA ACADÉMICA','26.S1.EAL5001.VR.A.3630','SI',85.00,4,'2026-02-02 14:48:43','2026-02-02 14:48:46'),(2966,14994,22,16,'3631','26.S1.EAL5001.VR.A.3631 - ESCRITURA ACADÉMICA','26.S1.EAL5001.VR.A.3631','SI',0.00,1,'2026-02-02 14:48:46','2026-02-02 14:48:48'),(2967,14995,22,16,'3632','26.S1.EAL5001.VR.A.3632 - ESCRITURA ACADÉMICA','26.S1.EAL5001.VR.A.3632','SI',5.00,2,'2026-02-02 14:48:48','2026-02-02 14:48:50'),(2968,14996,22,16,'3657','26.S1.EAL5005.VR.B.3657 - ESTADÍSTICA','26.S1.EAL5005.VR.B.3657','NO',0.00,0,'2026-02-02 14:48:50','2026-02-02 14:48:53'),(2969,14997,22,16,'3658','26.S1.EAL5005.VR.B.3658 - ESTADÍSTICA','26.S1.EAL5005.VR.B.3658','NO',0.00,0,'2026-02-02 14:48:53','2026-02-02 14:48:55'),(2970,14998,22,16,'3659','26.S1.EAL5005.VR.B.3659 - ESTADÍSTICA','26.S1.EAL5005.VR.B.3659','NO',0.00,0,'2026-02-02 14:48:55','2026-02-02 14:48:57'),(2971,14999,22,16,'3660','26.S1.EAL5005.VR.B.3660 - ESTADÍSTICA','26.S1.EAL5005.VR.B.3660','NO',0.00,0,'2026-02-02 14:48:57','2026-02-02 14:48:59'),(2972,15000,22,16,'3661','26.S1.EAL5005.VR.B.3661 - ESTADÍSTICA','26.S1.EAL5005.VR.B.3661','NO',0.00,0,'2026-02-02 14:48:59','2026-02-02 14:49:02'),(2973,15001,22,16,'3662','26.S1.EAL5005.VR.B.3662 - ESTADÍSTICA','26.S1.EAL5005.VR.B.3662','NO',0.00,0,'2026-02-02 14:49:02','2026-02-02 14:49:04'),(2974,15003,22,16,'3775','26.S1.EAL-5005.VR.B.3775 - ESTADÍSTICA','26.S1.EAL-5005.VR.B.3775','NO',0.00,0,'2026-02-02 14:49:04','2026-02-02 14:49:06'),(2975,15004,22,16,'3776','26.S1.EAL-5005.VR.B.3776 - ESTADÍSTICA','26.S1.EAL-5005.VR.B.3776','NO',0.00,0,'2026-02-02 14:49:06','2026-02-02 14:49:09'),(2976,15005,22,1,'3670','26.S1.ADM2003.VR.B.3670 - ESTADÍSTICA APLICADA','26.S1.ADM2003.VR.B.3670','NO',0.00,0,'2026-02-02 14:49:09','2026-02-02 14:49:11'),(2977,15006,22,8,'3754','26.S1.DSOFT-2004.VR.B.3754 - ESTADÍSTICA APLICADA','26.S1.DSOFT-2004.VR.B.3754','NO',0.00,0,'2026-02-02 14:49:11','2026-02-02 14:49:13'),(2978,15007,22,3,'3742','26.S1.DERMA3002.PR.B.3742 - ESTÉTICA CORPORAL AVANZADA 1','26.S1.DERMA3002.PR.B.3742','NO',0.00,0,'2026-02-02 14:49:13','2026-02-02 14:49:16'),(2979,15008,22,3,'3743','26.S1.DERMA3002.PR.B.3743 - ESTÉTICA CORPORAL AVANZADA 1','26.S1.DERMA3002.PR.B.3743','NO',0.00,0,'2026-02-02 14:49:16','2026-02-02 14:49:18'),(2980,15009,22,3,'3788','26.S1.DERMA4002.PR.3788 - ESTÉTICA CORPORAL AVANZADA 2','26.S1.DERMA4002.PR.3788','NO',0.00,0,'2026-02-02 14:49:18','2026-02-02 14:49:20'),(2981,15010,22,3,'3789','26.S1.DERMA4002.PR.3789 - ESTÉTICA CORPORAL AVANZADA 2','26.S1.DERMA4002.PR.3789','NO',0.00,0,'2026-02-02 14:49:20','2026-02-02 14:49:22'),(2982,15011,22,16,'3640','26.S1.EAL5010.VR.B.3640 - ETIQUETA Y PROTOCOLO','26.S1.EAL5010.VR.B.3640','NO',0.00,0,'2026-02-02 14:49:23','2026-02-02 14:49:25'),(2983,15012,22,16,'3642','26.S1.EAL5010.VR.B.3642 - ETIQUETA Y PROTOCOLO','26.S1.EAL5010.VR.B.3642','NO',0.00,0,'2026-02-02 14:49:25','2026-02-02 14:49:27'),(2984,15013,22,6,'3777','26.S1.CIBER-4002.VR.A.3777 - EXPLOITING E INGENIERÍA INVERSA','26.S1.CIBER-4002.VR.A.3777','SI',0.00,3,'2026-02-02 14:49:27','2026-02-02 14:49:29'),(2985,15014,22,5,'3562','26.S1.DIGMOD1004.PR.B.3562 - FIGURÍN DE MODA','26.S1.DIGMOD1004.PR.B.3562','NO',0.00,0,'2026-02-02 14:49:29','2026-02-02 14:49:31'),(2986,15015,22,1,'3704','26.S1.ADM3003.VR.B.3704 - FINANZAS CORPORATIVAS','26.S1.ADM3003.VR.B.3704','NO',0.00,0,'2026-02-02 14:49:32','2026-02-02 14:49:34'),(2987,15016,22,1,'3705','26.S1.ADM3003.VR.B.3705 - FINANZAS CORPORATIVAS','26.S1.ADM3003.VR.B.3705','NO',0.00,0,'2026-02-02 14:49:34','2026-02-02 14:49:36'),(2988,15017,22,1,'3707','26.S1.ADM3003.VR.B.3707 - FINANZAS CORPORATIVAS','26.S1.ADM3003.VR.B.3707','NO',0.00,0,'2026-02-02 14:49:36','2026-02-02 14:49:38'),(2989,15019,22,11,'3597','26.S1.EMED-2004.PR.B.3597 - FISIOPATOLOGÍA','26.S1.EMED-2004.PR.B.3597','NO',0.00,0,'2026-02-02 14:49:38','2026-02-02 14:49:40'),(2990,15020,22,7,'3609','26.S1.POD-1003.PR.B.3609 - FISIOPATOLOGÍA DEL PIE','26.S1.POD-1003.PR.B.3609','NO',0.00,0,'2026-02-02 14:49:41','2026-02-02 14:49:43'),(2991,15021,22,5,'3566','26.S1.DIGMOD3005.HB.B.3566 - FOTOGRAFÍA Y EDITORIAL DE MODA','26.S1.DIGMOD3005.HB.B.3566','NO',0.00,0,'2026-02-02 14:49:43','2026-02-02 14:49:45'),(2992,15023,22,NULL,'3759','26.S1.DOSFT-3007.VR.B.3759 - FUNDAMENTOS DE CONTROL DE VERSIONES Y DEVOPS','26.S1.DOSFT-3007.VR.B.3759','NO',0.00,0,'2026-02-02 14:49:45','2026-02-02 14:49:47'),(2993,15024,22,NULL,'3760','26.S1.DOSFT-3007.VR.B.3760 - FUNDAMENTOS DE CONTROL DE VERSIONES Y DEVOPS','26.S1.DOSFT-3007.VR.B.3760','NO',0.00,0,'2026-02-02 14:49:47','2026-02-02 14:49:50'),(2994,15026,22,8,'3748','26.S1.DSOFT-1005.VR.A.3748 - FUNDAMENTOS DE MULTIMEDIA DIGITAL','26.S1.DSOFT-1005.VR.A.3748','SI',0.00,1,'2026-02-02 14:49:50','2026-02-02 14:49:52'),(2995,15027,22,3,'3790','26.S1.DERMA1004.PR.A.3790 - FUNDAMENTOS DE QUÍMICA COSMÉTICA','26.S1.DERMA1004.PR.A.3790','SI',85.00,16,'2026-02-02 14:49:52','2026-02-02 14:49:54'),(2996,15029,22,10,'3718','26.S1.FPS-3003.VR.B.3718 - GESTIÓN DE CAJAS, OPERACIONES Y NEGOCIOS','26.S1.FPS-3003.VR.B.3718','NO',0.00,0,'2026-02-02 14:49:54','2026-02-02 14:49:56'),(2997,15031,22,10,'3716','26.S1.FPS-3001.VR.A.3716 - GESTIÓN DE CRÉDITO Y RECUPERACIÓN DE CARTERA','26.S1.FPS-3001.VR.A.3716','SI',85.00,28,'2026-02-02 14:49:57','2026-02-02 14:49:59'),(2998,15033,22,1,'3719','26.S1.ADM-2001.VR.B.3719 - GESTIÓN DE PROCESOS Y CALIDAD','26.S1.ADM-2001.VR.B.3719','NO',0.00,0,'2026-02-02 14:49:59','2026-02-02 14:50:01'),(2999,15034,22,6,'3778','26.S1.CIBER-4003.VR.A.3778 - GESTIÓN DE RIESGOS','26.S1.CIBER-4003.VR.A.3778','SI',60.00,2,'2026-02-02 14:50:01','2026-02-02 14:50:04'),(3000,15035,22,1,'3713','26.S1.ADM4002.VR.A.3713 - GESTIÓN TRIBUTARIA','26.S1.ADM4002.VR.A.3713','SI',85.00,20,'2026-02-02 14:50:04','2026-02-02 14:50:06'),(3001,15036,22,5,'3560','26.S1.DIGMOD4001.HB.A.3560 - GESTIÓN Y MARKETING DE MODA','26.S1.DIGMOD4001.HB.A.3560','SI',85.00,14,'2026-02-02 14:50:07','2026-02-02 14:50:09'),(3002,15037,22,9,'3781','26.S1.ENF-3002.PR.3781 - GINECO-OBSTETRICIA','26.S1.ENF-3002.PR.3781','NO',22.50,7,'2026-02-02 14:50:09','2026-02-02 14:50:11'),(3003,15038,22,9,'3784','26.S1.ENF-3002.PR.3784 - GINECO-OBSTETRICIA','26.S1.ENF-3002.PR.3784','NO',0.00,0,'2026-02-02 14:50:11','2026-02-02 14:50:14'),(3004,15040,22,10,'3717','26.S1.FPS-3002.VR.A.3717 - GOBERNANZA Y CULTURA SOLIDARIA','26.S1.FPS-3002.VR.A.3717','SI',85.00,7,'2026-02-02 14:50:14','2026-02-02 14:50:16'),(3005,15041,22,16,'3641','26.S1.EAL5008.VR.B.3641 - HABILIDADES SOCIALES','26.S1.EAL5008.VR.B.3641','NO',0.00,0,'2026-02-02 14:50:16','2026-02-02 14:50:19'),(3006,15042,22,16,'3643','26.S1.EAL5008.VR.A.3643 - HABILIDADES SOCIALES','26.S1.EAL5008.VR.A.3643','SI',19.00,1,'2026-02-02 14:50:19','2026-02-02 14:50:21'),(3007,15043,22,16,'3633','26.S1.EAL5002.VR.B.3633 - HABLAR EN PÚBLICO','26.S1.EAL5002.VR.B.3633','NO',0.00,0,'2026-02-02 14:50:21','2026-02-02 14:50:23'),(3008,15044,22,16,'3634','26.S1.EAL5002.VR.B.3634 - HABLAR EN PÚBLICO','26.S1.EAL5002.VR.B.3634','NO',0.00,0,'2026-02-02 14:50:23','2026-02-02 14:50:25'),(3009,15045,22,16,'3635','26.S1.EAL5002.VR.B.3635 - HABLAR EN PÚBLICO','26.S1.EAL5002.VR.B.3635','NO',0.00,0,'2026-02-02 14:50:25','2026-02-02 14:50:28'),(3010,15046,22,6,'3771','26.S1.CIBER-3002.VR.B.3771 - HACKING ÉTICO','26.S1.CIBER-3002.VR.B.3771','NO',0.00,0,'2026-02-02 14:50:28','2026-02-02 14:50:30'),(3011,15047,22,6,'3772','26.S1.CIBER-3002.VR.B.3772 - HACKING ÉTICO','26.S1.CIBER-3002.VR.B.3772','NO',0.00,0,'2026-02-02 14:50:30','2026-02-02 14:50:32'),(3012,15048,22,15,'3667','26.S1.PUB1001.VR.B.3667 - HERRAMIENTAS GRÁFICAS','26.S1.PUB1001.VR.B.3667','NO',0.00,0,'2026-02-02 14:50:32','2026-02-02 14:50:34'),(3013,15049,22,16,'3644','26.S1.EAL5009.VR.A.3644 - HISTORIA DEL ARTE','26.S1.EAL5009.VR.A.3644','SI',85.00,80,'2026-02-02 14:50:34','2026-02-02 14:50:37'),(3014,15050,22,16,'3645','26.S1.EAL5009.VR.A.3645 - HISTORIA DEL ARTE','26.S1.EAL5009.VR.A.3645','SI',6.50,1,'2026-02-02 14:50:37','2026-02-02 14:50:39'),(3015,15051,22,16,'3646','26.S1.EAL5009.VR.A.3646 - HISTORIA DEL ARTE','26.S1.EAL5009.VR.A.3646','SI',8.00,4,'2026-02-02 14:50:39','2026-02-02 14:50:41'),(3016,15052,22,16,'3647','26.S1.EAL5009.VR.A.3647 - HISTORIA DEL ARTE','26.S1.EAL5009.VR.A.3647','SI',8.00,4,'2026-02-02 14:50:41','2026-02-02 14:50:44'),(3017,15053,22,16,'3648','26.S1.EAL5009.VR.A.3648 - HISTORIA DEL ARTE','26.S1.EAL5009.VR.A.3648','SI',35.00,2,'2026-02-02 14:50:44','2026-02-02 14:50:46'),(3018,15054,22,16,'3649','26.S1.EAL5009.VR.A.3649 - HISTORIA DEL ARTE','26.S1.EAL5009.VR.A.3649','SI',35.00,2,'2026-02-02 14:50:46','2026-02-02 14:50:48'),(3019,15055,22,16,'3650','26.S1.EAL5009.VR.A.3650 - HISTORIA DEL ARTE','26.S1.EAL5009.VR.A.3650','SI',90.00,11,'2026-02-02 14:50:48','2026-02-02 14:50:51'),(3020,15056,22,16,'3651','26.S1.EAL5009.VR.A.3651 - HISTORIA DEL ARTE','26.S1.EAL5009.VR.A.3651','SI',90.00,10,'2026-02-02 14:50:51','2026-02-02 14:50:54'),(3021,15057,22,16,'3652','26.S1.EAL5009.VR.A.3652 - HISTORIA DEL ARTE','26.S1.EAL5009.VR.A.3652','SI',35.00,2,'2026-02-02 14:50:54','2026-02-02 14:50:56'),(3022,15058,22,16,'3654','26.S1.EAL5009.VR.A.3654 - HISTORIA DEL ARTE','26.S1.EAL5009.VR.A.3654','NO',0.00,0,'2026-02-02 14:50:56','2026-02-02 14:50:58'),(3023,15059,22,16,'3655','26.S1.EAL5009.VR.A.3655 - HISTORIA DEL ARTE','26.S1.EAL5009.VR.A.3655','SI',10.00,4,'2026-02-02 14:50:59','2026-02-02 14:51:01'),(3024,15060,22,16,'3656','26.S1.EAL5009.VR.A.3656 - HISTORIA DEL ARTE','26.S1.EAL5009.VR.A.3656','NO',0.00,0,'2026-02-02 14:51:01','2026-02-02 14:51:03'),(3025,15061,22,5,'3552','26.S1.DIGMOD1001.HB.A.3552 - HISTORIA Y SOCIOLOGÍA DE LA MODA','26.S1.DIGMOD1001.HB.A.3552','SI',85.00,21,'2026-02-02 14:51:03','2026-02-02 14:51:06'),(3026,15062,22,12,'3694','26.S1.CRIM-1003.PR.B.3694 - IDENTIFICACIÓN DACTILAR Y PAPILOSCOPÍA','26.S1.CRIM-1003.PR.B.3694','NO',0.00,0,'2026-02-02 14:51:06','2026-02-02 14:51:08'),(3027,15063,22,5,'3565','26.S1.DIGMOD2001.PR.B.3565 - ILUSTRACIÓN DE MODA','26.S1.DIGMOD2001.PR.B.3565','NO',0.00,0,'2026-02-02 14:51:08','2026-02-02 14:51:10'),(3028,15064,22,5,'3558','26.S1.DIGMOD3001.VR.A.3558 - INDUSTRIALIZACIÓN DE LA MODA','26.S1.DIGMOD3001.VR.A.3558','SI',78.00,2,'2026-02-02 14:51:10','2026-02-02 14:51:13'),(3029,15065,22,12,'3693','26.S1.CRIM-1001.PR.A.3693 - INTRODUCCIÓN A LA CRIMINALÍSTICA','26.S1.CRIM-1001.PR.A.3693','NO',0.00,0,'2026-02-02 14:51:13','2026-02-02 14:51:15'),(3030,15066,22,9,'3619','26.S1.ENF-1001.PR.A.3619 - INTRODUCCIÓN A LA ENFERMERÍA','26.S1.ENF-1001.PR.A.3619','NO',0.00,0,'2026-02-02 14:51:15','2026-02-02 14:51:18'),(3031,15067,22,14,'3589','26.S1.FISIO-1001.PR.A.3589 - INTRODUCCIÓN A LA FISIOTERAPIA','26.S1.FISIO-1001.PR.A.3589','SI',75.00,10,'2026-02-02 14:51:18','2026-02-02 14:51:20'),(3032,15068,22,7,'3599','26.S1.POD-1001.PR.A.3599 - INTRODUCCIÓN A LA PODOLOGÍA','26.S1.POD-1001.PR.A.3599','SI',85.00,15,'2026-02-02 14:51:20','2026-02-02 14:51:22'),(3033,15069,22,8,'3747','26.S1.DSOFT-1001.VR.A.3747 - INTRODUCCIÓN A LA PROGRAMACIÓN','26.S1.DSOFT-1001.VR.A.3747','SI',5.00,1,'2026-02-02 14:51:22','2026-02-02 14:51:25'),(3034,15070,22,8,'3749','26.S1.DSOFT-1002.VR.B.3749 - INTRODUCCIÓN A LAS COMPUTADORAS Y REDES','26.S1.DSOFT-1002.VR.B.3749','NO',0.00,0,'2026-02-02 14:51:25','2026-02-02 14:51:27'),(3035,15072,22,8,'3761','26.S1.DSOFT-3008.VR.B.3761 - INTRODUCCIÓN AL MACHINE LEARNING CON PYTHON','26.S1.DSOFT-3008.VR.B.3761','NO',0.00,0,'2026-02-02 14:51:27','2026-02-02 14:51:29'),(3036,15073,22,8,'3762','26.S1.DSOFT-3008.VR.B.3762 - INTRODUCCIÓN AL MACHINE LEARNING CON PYTHON','26.S1.DSOFT-3008.VR.B.3762','NO',0.00,0,'2026-02-02 14:51:29','2026-02-02 14:51:31'),(3037,15074,22,2,'3669','26.S1.MKT1001.VR.A.3669 - INTRODUCCIÓN AL MARKETING','26.S1.MKT1001.VR.A.3669','SI',85.00,39,'2026-02-02 14:51:31','2026-02-02 14:51:34'),(3038,15075,22,2,'3674','26.S1.MKT2003.VR.B.3674 - INVESTIGACIÓN Y SEGMENTACIÓN DE MERCADOS','26.S1.MKT2003.VR.B.3674','NO',0.00,0,'2026-02-02 14:51:34','2026-02-02 14:51:36'),(3039,15076,22,2,'3708','26.S1.MKT2003.VR.B.3708 - INVESTIGACIÓN Y SEGMENTACIÓN DE MERCADOS','26.S1.MKT2003.VR.B.3708','NO',0.00,0,'2026-02-02 14:51:36','2026-02-02 14:51:39'),(3040,15077,22,2,'3709','26.S1.MKT2003.VR.B.3709 - INVESTIGACIÓN Y SEGMENTACIÓN DE MERCADOS','26.S1.MKT2003.VR.B.3709','NO',0.00,0,'2026-02-02 14:51:39','2026-02-02 14:51:41'),(3041,15078,22,2,'3711','26.S1.MKT2003.VR.B.3711 - INVESTIGACIÓN Y SEGMENTACIÓN DE MERCADOS','26.S1.MKT2003.VR.B.3711','NO',0.00,0,'2026-02-02 14:51:41','2026-02-02 14:51:43'),(3042,15079,22,14,'3591','26.S1.FISIO-1003.PR.B.3591 - KINESIOLOGÍA','26.S1.FISIO-1003.PR.B.3591','NO',0.00,0,'2026-02-02 14:51:43','2026-02-02 14:51:45'),(3043,15080,22,3,'3728','26.S1.DERMA3001.PR.A.3728 - LÁSER Y OTRAS TECNOLOGÍAS EN DERMOESTÉTICA','26.S1.DERMA3001.PR.A.3728','NO',85.00,0,'2026-02-02 14:51:45','2026-02-02 14:51:47'),(3044,15081,22,3,'3729','26.S1.DERMA3001.PR.A.3729 - LÁSER Y OTRAS TECNOLOGÍAS EN DERMOESTÉTICA','26.S1.DERMA3001.PR.A.3729','NO',85.00,0,'2026-02-02 14:51:47','2026-02-02 14:51:49'),(3045,15082,22,8,'3750','26.S1.DSOFT-1004.VR.B.3750 - LÓGICA MATEMÁTICA','26.S1.DSOFT-1004.VR.B.3750','NO',0.00,0,'2026-02-02 14:51:49','2026-02-02 14:51:51'),(3046,15083,22,1,'3700','26.S1.ADM3002.VR.A.3700 - LOGÍSTICA Y OPERACIONES','26.S1.ADM3002.VR.A.3700','SI',5.00,8,'2026-02-02 14:51:51','2026-02-02 14:51:53'),(3047,15084,22,1,'3702','26.S1.ADM3002.VR.A.3702 - LOGÍSTICA Y OPERACIONES','26.S1.ADM3002.VR.A.3702','SI',5.00,8,'2026-02-02 14:51:53','2026-02-02 14:51:56'),(3048,15085,22,1,'3703','26.S1.ADM3002.VR.A.3703 - LOGÍSTICA Y OPERACIONES','26.S1.ADM3002.VR.A.3703','SI',85.00,26,'2026-02-02 14:51:56','2026-02-02 14:51:58'),(3049,15086,22,2,'3672','26.S1.MKT2002.VR.A.3672 - MARKETING DE CONTENIDOS','26.S1.MKT2002.VR.A.3672','SI',0.00,8,'2026-02-02 14:51:58','2026-02-02 14:52:00'),(3050,15087,22,2,'3691','26.S1.MKT4002.VR.B.3691 - MARKETING DE SERVICIOS','26.S1.MKT4002.VR.B.3691','NO',0.00,0,'2026-02-02 14:52:00','2026-02-02 14:52:03'),(3051,15089,22,11,'3596','26.S1.EMED-2003.PR.A.3596 - MEDICINA LEGAL Y FORENSE','26.S1.EMED-2003.PR.A.3596','NO',0.00,0,'2026-02-02 14:52:03','2026-02-02 14:52:05'),(3052,15090,22,8,'3766','26.S1.DSOFT-4003.VR.A.3766 - METODOLOGÍAS DE DESARROLLO','26.S1.DSOFT-4003.VR.A.3766','NO',0.00,0,'2026-02-02 14:52:05','2026-02-02 14:52:07'),(3053,15091,22,12,'3746','26.S1.CRIM-1002.HB.A.3746 - MÉTODOS DE INVESTIGACIÓN CRIMINAL','26.S1.CRIM-1002.HB.A.3746','NO',0.00,0,'2026-02-02 14:52:07','2026-02-02 14:52:09'),(3054,15092,22,7,'3613','26.S1.POD-2004.PR.B.3613 - MICROBIOLOGÍA EN PODOLOGÍA','26.S1.POD-2004.PR.B.3613','NO',0.00,0,'2026-02-02 14:52:10','2026-02-02 14:52:12'),(3055,15093,22,7,'3614','26.S1.POD-2004.PR.B.3614 - MICROBIOLOGÍA EN PODOLOGÍA','26.S1.POD-2004.PR.B.3614','NO',0.00,0,'2026-02-02 14:52:12','2026-02-02 14:52:14'),(3056,15095,22,9,'3626','26.S1.ENF-1003.PR.B.3626 - MICROBIOLOGÍA Y PARASITOLOGÍA','26.S1.ENF-1003.PR.B.3626','NO',0.00,0,'2026-02-02 14:52:14','2026-02-02 14:52:17'),(3057,15096,22,5,'3563','26.S1.DIGMOD1002.HB.B.3563 - MORFOLOGÍA Y PERCEPCIÓN VISUAL','26.S1.DIGMOD1002.HB.B.3563','NO',0.00,0,'2026-02-02 14:52:17','2026-02-02 14:52:19'),(3058,15097,22,1,'3712','26.S1.ADM4001.VR.A.3712 - NEGOCIOS INTERNACIONALES','26.S1.ADM4001.VR.A.3712','SI',0.00,8,'2026-02-02 14:52:19','2026-02-02 14:52:21'),(3059,15098,22,3,'3726','26.S1.DERMA3003.HB.A.3726 - NUTRICIÓN Y SALUD','26.S1.DERMA3003.HB.A.3726','SI',100.00,10,'2026-02-02 14:52:21','2026-02-02 14:52:23'),(3060,15099,22,3,'3727','26.S1.DERMA3003.HB.A.3727 - NUTRICIÓN Y SALUD','26.S1.DERMA3003.HB.A.3727','SI',25.00,1,'2026-02-02 14:52:24','2026-02-02 14:52:26'),(3061,15100,22,7,'3615','26.S1.POD-3002.PR.B.3615 - ORTOPODOLOGÍA 1','26.S1.POD-3002.PR.B.3615','NO',0.00,0,'2026-02-02 14:52:26','2026-02-02 14:52:28'),(3062,15101,22,7,'3617','26.S1.POD-4002.PR.B.3617 - ORTOPODOLOGÍA 2','26.S1.POD-4002.PR.B.3617','NO',0.00,0,'2026-02-02 14:52:28','2026-02-02 14:52:30'),(3063,15102,22,5,'3567','26.S1.DIGMOD3004.PR.B.3567 - PATRONAJE DIGITAL','26.S1.DIGMOD3004.PR.B.3567','NO',0.00,0,'2026-02-02 14:52:30','2026-02-02 14:52:33'),(3064,15103,22,2,'3677','26.S1.MKT3002.VR.A.3677 - PAUTAJE EN REDES SOCIALES','26.S1.MKT3002.VR.A.3677','SI',5.00,2,'2026-02-02 14:52:33','2026-02-02 14:52:35'),(3065,15104,22,2,'3678','26.S1.MKT3002.VR.A.3678 - PAUTAJE EN REDES SOCIALES','26.S1.MKT3002.VR.A.3678','SI',5.00,2,'2026-02-02 14:52:35','2026-02-02 14:52:37'),(3066,15105,22,7,'3601','26.S1.POD-2002.PR.A.3601 - PIE DEPORTIVO Y TRAUMÁTICO','26.S1.POD-2002.PR.A.3601','SI',85.00,6,'2026-02-02 14:52:37','2026-02-02 14:52:40'),(3067,15106,22,7,'3602','26.S1.POD-2002.PR.A.3602 - PIE DEPORTIVO Y TRAUMÁTICO','26.S1.POD-2002.PR.A.3602','SI',85.00,6,'2026-02-02 14:52:40','2026-02-02 14:52:42'),(3068,15107,22,7,'3616','26.S1.POD-3003.PR.B.3616 - PIE DIABÉTICO','26.S1.POD-3003.PR.B.3616','NO',0.00,0,'2026-02-02 14:52:42','2026-02-02 14:52:44'),(3069,15108,22,7,'3606','26.S1.POD-3004.PR.A.3606 - PIE GERIÁTRICO','26.S1.POD-3004.PR.A.3606','SI',100.00,6,'2026-02-02 14:52:44','2026-02-02 14:52:46'),(3070,15109,22,7,'3611','26.S1.POD-2003.PR.B.3611 - PIE INFANTIL','26.S1.POD-2003.PR.B.3611','NO',0.00,0,'2026-02-02 14:52:46','2026-02-02 14:52:49'),(3071,15110,22,7,'3612','26.S1.POD-2003.PR.B.3612 - PIE INFANTIL','26.S1.POD-2003.PR.B.3612','NO',0.00,0,'2026-02-02 14:52:49','2026-02-02 14:52:51'),(3072,15111,22,2,'3692','26.S1.MKT4003.VR.3692 - PLAN DE MARKETING DIGITAL','26.S1.MKT4003.VR.3692','SI',5.00,6,'2026-02-02 14:52:51','2026-02-02 14:52:54'),(3073,15112,22,1,'3696','26.S1.ADM3001.VR.A.3696 - PLANIFICACIÓN ESTRATÉGICA','26.S1.ADM3001.VR.A.3696','SI',0.00,3,'2026-02-02 14:52:54','2026-02-02 14:52:56'),(3074,15113,22,1,'3697','26.S1.ADM3001.VR.A.3697 - PLANIFICACIÓN ESTRATÉGICA','26.S1.ADM3001.VR.A.3697','SI',0.00,1,'2026-02-02 14:52:56','2026-02-02 14:52:58'),(3075,15114,22,1,'3699','26.S1.ADM3001.VR.A.3699 - PLANIFICACIÓN ESTRATÉGICA','26.S1.ADM3001.VR.A.3699','SI',85.00,3,'2026-02-02 14:52:59','2026-02-02 14:53:01'),(3076,15115,22,3,'3738','26.S1.DERMA2004.HB.B.3738 - PRINCIPIOS DE ANATOMÍA Y MORFOLOGÍA','26.S1.DERMA2004.HB.B.3738','NO',0.00,0,'2026-02-02 14:53:01','2026-02-02 14:53:03'),(3077,15116,22,3,'3739','26.S1.DERMA2004.HB.B.3739 - PRINCIPIOS DE ANATOMÍA Y MORFOLOGÍA','26.S1.DERMA2004.HB.B.3739','NO',0.00,0,'2026-02-02 14:53:03','2026-02-02 14:53:05'),(3078,15117,22,3,'3734','26.S1.DERMA1001.PR.B.3734 - PRINCIPIOS DE DERMATOCOSMIATRÍA','26.S1.DERMA1001.PR.B.3734','NO',0.00,0,'2026-02-02 14:53:05','2026-02-02 14:53:07'),(3079,15118,22,8,'3752','26.S1.DSOFT-2002.VR.A.3752 - PROGRAMACIÓN ORIENTADA A OBJETOS','26.S1.DSOFT-2002.VR.A.3752','SI',5.00,2,'2026-02-02 14:53:07','2026-02-02 14:53:09'),(3080,15119,22,6,'3779','26.S1.CIBER-4004.VR.3779 - PROYECTO DE CIBERSEGURIDAD','26.S1.CIBER-4004.VR.3779','SI',90.00,11,'2026-02-02 14:53:09','2026-02-02 14:53:11'),(3081,15120,22,3,'3732','26.S1.DERMA4004.HB.3732 - PROYECTO DE DERMATOCOSMIATRÍA','26.S1.DERMA4004.HB.3732','SI',90.00,43,'2026-02-02 14:53:11','2026-02-02 14:53:13'),(3082,15121,22,3,'3733','26.S1.DERMA4004.HB.3733 - PROYECTO DE DERMATOCOSMIATRÍA','26.S1.DERMA4004.HB.3733','SI',90.00,43,'2026-02-02 14:53:13','2026-02-02 14:53:16'),(3083,15122,22,9,'3624','26.S1.ENF-4005.HB.3624 - PROYECTO DE ENFERMERÍA','26.S1.ENF-4005.HB.3624','NO',0.00,0,'2026-02-02 14:53:16','2026-02-02 14:53:18'),(3084,15123,22,5,'3561','26.S1.DIGMOD4004.HB.3561 - PROYECTO DE MODA','26.S1.DIGMOD4004.HB.3561','SI',90.00,7,'2026-02-02 14:53:18','2026-02-02 14:53:20'),(3085,15124,22,7,'3607','26.S1.POD-4004.HB.3607 - PROYECTO DE PODOLOGÍA','26.S1.POD-4004.HB.3607','SI',90.00,6,'2026-02-02 14:53:20','2026-02-02 14:53:23'),(3086,15125,22,1,'3715','26.S1.ADM4004.VR.3715 - PROYECTO EMPRESARIAL','26.S1.ADM4004.VR.3715','SI',5.00,6,'2026-02-02 14:53:23','2026-02-02 14:53:25'),(3087,15126,22,8,'3798','26.S1.DSOFT-4002.VR.B.3798 - QA CONTROL DE LA CALIDAD DEL SOFTWARE','26.S1.DSOFT-4002.VR.B.3798','NO',0.00,0,'2026-02-02 14:53:25','2026-02-02 14:53:27'),(3088,15127,22,9,'3625','26.S1.ENF-1004.PR.B.3625 - SALUD PÚBLICA Y LEGISLACIÓN','26.S1.ENF-1004.PR.B.3625','NO',0.00,0,'2026-02-02 14:53:27','2026-02-02 14:53:29'),(3089,15128,22,6,'3767','26.S1.CIBER-3003.VR.A.3767 - SEGURIDAD EN LA RED','26.S1.CIBER-3003.VR.A.3767','SI',65.00,1,'2026-02-02 14:53:30','2026-02-02 14:53:32'),(3090,15129,22,6,'3768','26.S1.CIBER-3003.VR.A.3768 - SEGURIDAD EN LA RED','26.S1.CIBER-3003.VR.A.3768','SI',90.00,1,'2026-02-02 14:53:32','2026-02-02 14:53:35'),(3091,15130,22,6,'3773','26.S1.CIBER-3004.VR.B.3773 - SEGURIDAD Y AUDITORÍA DE BASE DE DATOS','26.S1.CIBER-3004.VR.B.3773','NO',0.00,0,'2026-02-02 14:53:35','2026-02-02 14:53:37'),(3092,15131,22,6,'3774','26.S1.CIBER-3004.VR.B.3774 - SEGURIDAD Y AUDITORÍA DE BASE DE DATOS','26.S1.CIBER-3004.VR.B.3774','NO',0.00,0,'2026-02-02 14:53:37','2026-02-02 14:53:39'),(3093,15132,22,2,'3675','26.S1.MKT3001.VR.A.3675 - SEM Y SEO','26.S1.MKT3001.VR.A.3675','SI',5.00,6,'2026-02-02 14:53:39','2026-02-02 14:53:42'),(3094,15133,22,2,'3676','26.S1.MKT3001.VR.A.3676 - SEM Y SEO','26.S1.MKT3001.VR.A.3676','NO',0.00,6,'2026-02-02 14:53:42','2026-02-02 14:53:44'),(3095,15135,22,5,'3555','26.S1.DIGMOD2004.HB.A.3555 - TECNOLOGÍA TEXTIL','26.S1.DIGMOD2004.HB.A.3555','SI',85.00,11,'2026-02-02 14:53:44','2026-02-02 14:53:47'),(3096,15136,22,14,'3590','26.S1.FISIO-1002.PR.B.3590 - TERAPÉUTICA FARMACOLÓGICA EN FISIOTERAPIA','26.S1.FISIO-1002.PR.B.3590','NO',0.00,0,'2026-02-02 14:53:47','2026-02-02 14:53:49'),(3097,15137,22,7,'3603','26.S1.POD-2001.PR.A.3603 - TERAPEÚTICA PODOLÓGICA','26.S1.POD-2001.PR.A.3603','SI',85.00,2,'2026-02-02 14:53:49','2026-02-02 14:53:51'),(3098,15138,22,7,'3604','26.S1.POD-2001.PR.A.3604 - TERAPEÚTICA PODOLÓGICA','26.S1.POD-2001.PR.A.3604','SI',85.00,16,'2026-02-02 14:53:51','2026-02-02 14:53:54'),(3099,15139,22,12,'3695','26.S1.CRIM-1004.HB.B.3695 - TOPOGRAFÍA Y FOTOGRAFÍA FORENSE','26.S1.CRIM-1004.HB.B.3695','NO',0.00,0,'2026-02-02 14:53:54','2026-02-02 14:53:56');
/*!40000 ALTER TABLE `clases` ENABLE KEYS */;
UNLOCK TABLES;

--
-- Table structure for table `configuracion`
--

DROP TABLE IF EXISTS `configuracion`;
/*!40101 SET @saved_cs_client     = @@character_set_client */;
/*!40101 SET character_set_client = utf8 */;
CREATE TABLE `configuracion` (
  `id` int(11) NOT NULL AUTO_INCREMENT,
  `clave` varchar(100) NOT NULL,
  `valor` text NOT NULL,
  `descripcion` text DEFAULT NULL,
  `fecha_actualizacion` timestamp NOT NULL DEFAULT current_timestamp() ON UPDATE current_timestamp(),
  PRIMARY KEY (`id`),
  UNIQUE KEY `clave` (`clave`)
) ENGINE=InnoDB AUTO_INCREMENT=13 DEFAULT CHARSET=utf8mb4 COLLATE=utf8mb4_unicode_ci;
/*!40101 SET character_set_client = @saved_cs_client */;

--
-- Dumping data for table `configuracion`
--

LOCK TABLES `configuracion` WRITE;
/*!40000 ALTER TABLE `configuracion` DISABLE KEYS */;
INSERT INTO `configuracion` VALUES (1,'oauth_client_id','5fe65f4e-a021-4760-9810-a8e523810d21','Client ID de OAuth Brightspace','2025-10-15 20:33:02'),(2,'oauth_client_secret','S7sWMvhIoD9H3PBRNbaXCHOH-4MaXbylXAcS5aMgkvM','Client Secret de OAuth Brightspace','2025-10-15 20:33:02'),(3,'oauth_access_token','eyJhbGciOiJSUzI1NiIsImtpZCI6IjRlM2RlZGE4LWEyNTItNDIxNS1iZWIzLTAxYWNmYzRhNjY0NSIsInR5cCI6IkpXVCJ9.eyJuYmYiOjE3NzAwNDMzNjYsImV4cCI6MTc3MDA0Njk2NiwiaXNzIjoiaHR0cHM6Ly9hcGkuYnJpZ2h0c3BhY2UuY29tL2F1dGgiLCJhdWQiOiJodHRwczovL2FwaS5icmlnaHRzcGFjZS5jb20vYXV0aC90b2tlbiIsInN1YiI6IjMwNDIiLCJ0ZW5hbnRpZCI6IjU1N2UwOTllLTRjYTEtNDgwYy1hYmFlLTNlM2UyZjgwMjdjYSIsImF6cCI6IjVmZTY1ZjRlLWEwMjEtNDc2MC05ODEwLWE4ZTUyMzgxMGQyMSIsInNjb3BlIjoiY29udGVudDptb2R1bGVzOnJlYWQgY29udGVudDp0b2M6cmVhZCBjb3JlOio6KiBlbnJvbGxtZW50Om9yZ3VuaXQ6cmVhZCBncmFkZXM6Z3JhZGVvYmplY3RzOnJlYWQgZ3JhZGVzOmdyYWRlczpyZWFkIiwianRpIjoiNGIxNzZjZTAtNjBhZi00ZGRlLWFiM2UtYzViY2Y3NTI3M2ZiIn0.rbphbTfuW3NyX3v-gd0od4Rsi6o1DANLasFdIFI7OE8s5Ime73iSnFzKFrwsRI4fu76enmHcpkkT97Pjhx4QJKAVn81uJXeEXo1H0RlwhESAlOwxG9IwAkmghSMRTIc4QnhNfv2RsdB0g4C0L53c8T1rJWOt1cRMjJ5FLtNj-fWKjL5uePQR_cUVFKJMtUL2VsIgjZxbKMkDm8PINJNoeBeerFG-QuNn0K06oHrqDHvaNBPC4cWQOf6EDJhnJokF55rYJlqw0C-OlUWnmy3Cj8atqTIN2Jsq9esegx8k2sZK-6U-Ls8VuxUXeYSHlaiXYz58udJTOOzOD4jugTfKkQ','Access Token actual (se genera automáticamente)','2026-02-02 14:43:32'),(4,'oauth_refresh_token','rt.us-east-1.NHGUO-YXx6m9vGnboTbuYUeo1xGLh7gmwY3YV7SBfXs','Refresh Token para renovar el access token','2026-02-02 14:43:44'),(5,'oauth_token_expiry','2026-02-02 10:43:55','Fecha de expiración del token (timestamp)','2026-02-02 14:43:55'),(6,'oauth_scope','content:modules:read content:toc:read core:*:* enrollment:orgunit:read grades:gradeobjects:read grades:grades:read','Scopes del token OAuth','2025-10-15 20:33:02'),(7,'oauth_redirect_uri','https://oauth.pstmn.io/v1/callback','Redirect URI configurado','2025-10-15 20:33:02'),(8,'oauth_auth_url','https://auth.brightspace.com/oauth2/auth','URL de autorización OAuth','2025-10-15 20:33:02'),(9,'oauth_token_url','https://auth.brightspace.com/core/connect/token','URL para obtener tokens','2025-10-15 20:33:02'),(10,'api_base_url','https://tesa.brightspace.com','URL base del API de Brightspace','2025-10-15 20:33:02'),(11,'cache_duracion_horas','6','Duración del cache en horas antes de actualizar','2025-10-15 20:33:02'),(12,'ultima_sincronizacion','2026-02-02 09:53:56','Última vez que se sincronizó con el API','2026-02-02 14:53:56');
/*!40000 ALTER TABLE `configuracion` ENABLE KEYS */;
UNLOCK TABLES;

--
-- Table structure for table `contenido_cache`
--

DROP TABLE IF EXISTS `contenido_cache`;
/*!40101 SET @saved_cs_client     = @@character_set_client */;
/*!40101 SET character_set_client = utf8 */;
CREATE TABLE `contenido_cache` (
  `id` int(11) NOT NULL AUTO_INCREMENT,
  `clase_id` int(11) NOT NULL,
  `modulo_titulo` varchar(300) DEFAULT NULL,
  `documento_titulo` varchar(300) DEFAULT NULL,
  `documento_url` text DEFAULT NULL,
  `tipo_documento` varchar(50) DEFAULT NULL,
  `es_syllabus` tinyint(1) DEFAULT 0,
  `fecha_cache` timestamp NOT NULL DEFAULT current_timestamp(),
  PRIMARY KEY (`id`),
  KEY `idx_clase_id` (`clase_id`),
  KEY `idx_es_syllabus` (`es_syllabus`),
  CONSTRAINT `contenido_cache_ibfk_1` FOREIGN KEY (`clase_id`) REFERENCES `clases` (`id`) ON DELETE CASCADE
) ENGINE=InnoDB DEFAULT CHARSET=utf8mb4 COLLATE=utf8mb4_unicode_ci;
/*!40101 SET character_set_client = @saved_cs_client */;

--
-- Dumping data for table `contenido_cache`
--

LOCK TABLES `contenido_cache` WRITE;
/*!40000 ALTER TABLE `contenido_cache` DISABLE KEYS */;
/*!40000 ALTER TABLE `contenido_cache` ENABLE KEYS */;
UNLOCK TABLES;

--
-- Table structure for table `logs_sincronizacion`
--

DROP TABLE IF EXISTS `logs_sincronizacion`;
/*!40101 SET @saved_cs_client     = @@character_set_client */;
/*!40101 SET character_set_client = utf8 */;
CREATE TABLE `logs_sincronizacion` (
  `id` int(11) NOT NULL AUTO_INCREMENT,
  `tipo_sincronizacion` enum('PERIODOS','CLASES','CONTENIDO','CALIFICACIONES') NOT NULL,
  `periodo_id` int(11) DEFAULT NULL,
  `total_registros` int(11) DEFAULT 0,
  `registros_exitosos` int(11) DEFAULT 0,
  `registros_fallidos` int(11) DEFAULT 0,
  `errores` text DEFAULT NULL,
  `duracion_segundos` decimal(10,2) DEFAULT NULL,
  `fecha_inicio` timestamp NOT NULL DEFAULT current_timestamp(),
  `fecha_fin` timestamp NULL DEFAULT NULL,
  PRIMARY KEY (`id`),
  KEY `idx_tipo` (`tipo_sincronizacion`),
  KEY `idx_fecha` (`fecha_inicio`)
) ENGINE=InnoDB AUTO_INCREMENT=58 DEFAULT CHARSET=utf8mb4 COLLATE=utf8mb4_unicode_ci;
/*!40101 SET character_set_client = @saved_cs_client */;

--
-- Dumping data for table `logs_sincronizacion`
--

LOCK TABLES `logs_sincronizacion` WRITE;
/*!40000 ALTER TABLE `logs_sincronizacion` DISABLE KEYS */;
INSERT INTO `logs_sincronizacion` VALUES (1,'CLASES',13740,445,0,445,NULL,1.39,'2025-10-23 18:27:47','2025-10-23 18:27:47'),(2,'CLASES',13740,445,0,445,NULL,1.76,'2025-10-23 18:38:45','2025-10-23 18:38:45'),(3,'CLASES',13740,445,0,445,NULL,2.91,'2025-10-24 15:09:00','2025-10-24 15:09:00'),(4,'CLASES',20,70,70,0,NULL,82.47,'2025-10-24 16:41:32','2025-10-24 16:41:32'),(5,'CLASES',21,459,459,0,NULL,287.67,'2025-10-25 22:58:16','2025-10-25 22:58:16'),(6,'CLASES',13740,480,0,480,NULL,2.99,'2025-10-27 14:18:51','2025-10-27 14:18:51'),(7,'CLASES',13740,480,0,480,NULL,2.84,'2025-10-27 14:48:44','2025-10-27 14:48:44'),(8,'CLASES',13740,480,0,480,NULL,3.07,'2025-10-27 14:57:33','2025-10-27 14:57:33'),(9,'CLASES',21,480,480,0,NULL,578.06,'2025-10-27 16:08:04','2025-10-27 16:08:04'),(10,'CLASES',21,480,480,0,NULL,257.94,'2025-10-27 17:57:38','2025-10-27 17:57:38'),(11,'CLASES',21,262,262,0,NULL,12.19,'2025-10-27 18:15:52','2025-10-27 18:15:52'),(12,'CLASES',21,262,262,0,NULL,12.00,'2025-10-27 18:17:22','2025-10-27 18:17:22'),(13,'CLASES',21,262,262,0,NULL,328.05,'2025-10-27 20:53:36','2025-10-27 20:53:36'),(14,'CLASES',21,262,262,0,NULL,336.65,'2025-10-27 21:06:43','2025-10-27 21:06:43'),(15,'CLASES',21,262,262,0,NULL,11.91,'2025-10-28 14:44:28','2025-10-28 14:44:28'),(16,'CLASES',21,262,262,0,NULL,340.24,'2025-10-28 15:47:45','2025-10-28 15:47:45'),(17,'CLASES',21,252,252,0,NULL,340.39,'2025-10-28 15:59:20','2025-10-28 15:59:20'),(18,'CLASES',21,252,252,0,NULL,345.51,'2025-10-28 16:45:52','2025-10-28 16:45:52'),(19,'CLASES',21,252,252,0,NULL,317.02,'2025-10-28 19:50:47','2025-10-28 19:50:47'),(20,'CLASES',21,252,252,0,NULL,317.60,'2025-10-28 20:07:37','2025-10-28 20:07:37'),(21,'CLASES',21,252,252,0,NULL,2.11,'2025-10-29 14:14:00','2025-10-29 14:14:00'),(22,'CLASES',21,252,252,0,NULL,423.81,'2025-10-29 14:35:22','2025-10-29 14:35:22'),(23,'CLASES',21,252,252,0,NULL,2.73,'2025-10-29 20:47:10','2025-10-29 20:47:10'),(24,'CLASES',21,252,252,0,NULL,450.03,'2025-10-29 20:54:55','2025-10-29 20:54:55'),(25,'CLASES',21,252,252,0,NULL,2.51,'2025-10-30 14:21:19','2025-10-30 14:21:19'),(26,'CLASES',21,252,252,0,NULL,468.76,'2025-10-30 14:29:24','2025-10-30 14:29:24'),(27,'CLASES',21,252,252,0,NULL,2.65,'2025-10-30 16:06:21','2025-10-30 16:06:21'),(28,'CLASES',21,252,252,252,NULL,44.39,'2025-10-30 20:52:37','2025-10-30 20:52:37'),(29,'CLASES',21,252,252,252,NULL,41.74,'2025-10-30 20:55:21','2025-10-30 20:55:21'),(30,'CLASES',21,252,252,0,NULL,1.58,'2025-10-31 17:11:29','2025-10-31 17:11:29'),(31,'CLASES',21,252,252,252,NULL,32.53,'2025-10-31 17:13:18','2025-10-31 17:13:18'),(32,'CLASES',21,259,259,7,NULL,2.09,'2025-11-05 14:33:25','2025-11-05 14:33:25'),(33,'CLASES',21,259,259,259,NULL,34.49,'2025-11-05 14:46:55','2025-11-05 14:46:55'),(34,'CLASES',17,539,539,539,NULL,66.15,'2025-11-05 14:56:38','2025-11-05 14:56:38'),(35,'CLASES',21,259,259,259,NULL,40.96,'2025-11-05 15:02:22','2025-11-05 15:02:22'),(36,'CLASES',21,259,259,259,NULL,33.95,'2025-11-05 15:09:34','2025-11-05 15:09:34'),(37,'CLASES',17,539,539,539,NULL,68.95,'2025-11-05 15:19:24','2025-11-05 15:19:24'),(38,'CLASES',21,259,259,0,NULL,362.21,'2025-11-05 15:47:21','2025-11-05 15:47:21'),(39,'CLASES',21,259,259,0,NULL,457.71,'2025-11-05 16:46:51','2025-11-05 16:46:51'),(40,'CLASES',21,259,259,0,NULL,451.88,'2025-11-05 17:28:36','2025-11-05 17:28:36'),(41,'CLASES',21,259,259,0,NULL,1.87,'2025-11-05 23:58:52','2025-11-05 23:58:52'),(42,'CLASES',21,259,259,0,NULL,1.65,'2025-11-06 14:16:40','2025-11-06 14:16:40'),(43,'CLASES',21,259,259,0,NULL,352.18,'2025-11-06 15:03:58','2025-11-06 15:03:58'),(44,'CLASES',21,259,259,0,NULL,449.23,'2025-11-06 16:48:09','2025-11-06 16:48:09'),(45,'CLASES',21,259,259,0,NULL,354.58,'2025-11-06 17:30:15','2025-11-06 17:30:15'),(46,'CLASES',21,259,259,0,NULL,18.85,'2025-11-06 17:53:20','2025-11-06 17:53:20'),(47,'CLASES',21,259,259,0,NULL,512.68,'2025-11-06 18:02:15','2025-11-06 18:02:15'),(48,'CLASES',21,259,259,0,NULL,511.34,'2025-11-07 02:18:27','2025-11-07 02:18:27'),(49,'CLASES',21,259,259,0,NULL,12.68,'2025-11-07 14:12:43','2025-11-07 14:12:43'),(50,'CLASES',21,19,19,0,NULL,55.61,'2025-11-07 14:16:07','2025-11-07 14:16:07'),(51,'CLASES',21,4,4,0,NULL,11.96,'2025-11-07 14:41:01','2025-11-07 14:41:01'),(52,'CLASES',21,4,4,0,NULL,10.31,'2025-11-07 14:42:18','2025-11-07 14:42:18'),(53,'CLASES',21,263,263,0,NULL,18.85,'2025-11-10 14:27:23','2025-11-10 14:27:23'),(54,'CLASES',21,263,263,0,NULL,18.69,'2025-11-11 14:32:03','2025-11-11 14:32:03'),(55,'CLASES',21,263,263,0,NULL,17.43,'2025-11-13 17:17:48','2025-11-13 17:17:48'),(56,'CLASES',21,263,263,0,NULL,18.53,'2025-11-17 17:53:16','2025-11-17 17:53:16'),(57,'CLASES',22,243,243,0,NULL,577.27,'2026-02-02 14:53:56','2026-02-02 14:53:56');
/*!40000 ALTER TABLE `logs_sincronizacion` ENABLE KEYS */;
UNLOCK TABLES;

--
-- Table structure for table `periodos`
--

DROP TABLE IF EXISTS `periodos`;
/*!40101 SET @saved_cs_client     = @@character_set_client */;
/*!40101 SET character_set_client = utf8 */;
CREATE TABLE `periodos` (
  `id` int(11) NOT NULL AUTO_INCREMENT,
  `org_unit_id` int(11) NOT NULL,
  `codigo` varchar(50) NOT NULL,
  `nombre` varchar(100) NOT NULL,
  `activo` tinyint(1) DEFAULT 1,
  `fecha_registro` timestamp NOT NULL DEFAULT current_timestamp(),
  `fecha_actualizacion` timestamp NOT NULL DEFAULT current_timestamp() ON UPDATE current_timestamp(),
  PRIMARY KEY (`id`),
  UNIQUE KEY `org_unit_id` (`org_unit_id`),
  KEY `idx_org_unit_id` (`org_unit_id`),
  KEY `idx_activo` (`activo`)
) ENGINE=InnoDB AUTO_INCREMENT=23 DEFAULT CHARSET=utf8mb4 COLLATE=utf8mb4_unicode_ci;
/*!40101 SET character_set_client = @saved_cs_client */;

--
-- Dumping data for table `periodos`
--

LOCK TABLES `periodos` WRITE;
/*!40000 ALTER TABLE `periodos` DISABLE KEYS */;
INSERT INTO `periodos` VALUES (1,6639,'sem_sample_2018','Samples',1,'2025-10-23 18:27:18','2026-02-02 14:44:04'),(2,6697,'22.S1','22.S1',1,'2025-10-23 18:27:18','2026-02-02 14:44:04'),(3,6699,'22.V','22.V',1,'2025-10-23 18:27:18','2026-02-02 14:44:04'),(4,6735,'21.S2','21.S2',1,'2025-10-23 18:27:18','2026-02-02 14:44:04'),(5,7019,'ukITSA','Urkund',1,'2025-10-23 18:27:18','2026-02-02 14:44:04'),(6,7098,'22.S2','22.S2',1,'2025-10-23 18:27:18','2026-02-02 14:44:04'),(7,7100,'Especial','Especial',1,'2025-10-23 18:27:18','2026-02-02 14:44:04'),(8,7311,'201','D2L',1,'2025-10-23 18:27:18','2026-02-02 14:44:04'),(9,7461,'23.S1','23.S1',1,'2025-10-23 18:27:18','2026-02-02 14:44:04'),(10,7778,'Sandbox','Sandbox',1,'2025-10-23 18:27:18','2026-02-02 14:44:04'),(11,7857,'Turnitin','Turnitin',1,'2025-10-23 18:27:18','2026-02-02 14:44:04'),(12,7901,'23.V','23.V',1,'2025-10-23 18:27:18','2026-02-02 14:44:04'),(13,8005,'23.S2','23.S2',1,'2025-10-23 18:27:18','2026-02-02 14:44:04'),(14,10252,'24.S1','24.S1',1,'2025-10-23 18:27:18','2026-02-02 14:44:04'),(15,11285,'24.V','24.V',1,'2025-10-23 18:27:18','2026-02-02 14:44:04'),(16,11492,'24.S2','24.S2',1,'2025-10-23 18:27:18','2026-02-02 14:44:04'),(17,12363,'25.S1','25.S1',1,'2025-10-23 18:27:18','2026-02-02 14:44:04'),(18,13735,'25.V','25.V',1,'2025-10-23 18:27:18','2026-02-02 14:44:04'),(19,13738,'25.E','25.E',1,'2025-10-23 18:27:18','2026-02-02 14:44:04'),(20,13739,'25.S2','25.S2',1,'2025-10-23 18:27:18','2026-02-02 14:44:04'),(21,13740,'25.S3','25.S3',1,'2025-10-23 18:27:18','2026-02-02 14:44:04'),(22,14875,'26.S1','26.S1',1,'2026-02-02 14:44:04','2026-02-02 14:44:04');
/*!40000 ALTER TABLE `periodos` ENABLE KEYS */;
UNLOCK TABLES;

--
-- Table structure for table `usuarios`
--

DROP TABLE IF EXISTS `usuarios`;
/*!40101 SET @saved_cs_client     = @@character_set_client */;
/*!40101 SET character_set_client = utf8 */;
CREATE TABLE `usuarios` (
  `id` int(11) NOT NULL AUTO_INCREMENT,
  `correo` varchar(100) NOT NULL COMMENT 'Correo institucional (usuario de login)',
  `password` varchar(255) NOT NULL COMMENT 'Contraseña hasheada con password_hash()',
  `password_visible` varchar(100) NOT NULL COMMENT 'Contraseña en texto plano para que admin pueda verla',
  `nombre_completo` varchar(200) NOT NULL,
  `rol` enum('SUPERADMIN','ADMIN','USUARIO') NOT NULL DEFAULT 'USUARIO',
  `activo` tinyint(1) NOT NULL DEFAULT 1 COMMENT '1=Activo, 0=Suspendido',
  `fecha_creacion` timestamp NOT NULL DEFAULT current_timestamp(),
  `fecha_actualizacion` timestamp NOT NULL DEFAULT current_timestamp() ON UPDATE current_timestamp(),
  `ultimo_acceso` timestamp NULL DEFAULT NULL,
  PRIMARY KEY (`id`),
  UNIQUE KEY `correo` (`correo`),
  KEY `idx_correo` (`correo`),
  KEY `idx_activo` (`activo`),
  KEY `idx_rol` (`rol`),
  KEY `idx_rol_activo` (`rol`,`activo`)
) ENGINE=InnoDB AUTO_INCREMENT=7 DEFAULT CHARSET=utf8mb4 COLLATE=utf8mb4_unicode_ci;
/*!40101 SET character_set_client = @saved_cs_client */;

--
-- Dumping data for table `usuarios`
--

LOCK TABLES `usuarios` WRITE;
/*!40000 ALTER TABLE `usuarios` DISABLE KEYS */;
INSERT INTO `usuarios` VALUES (1,'admin@tesa.edu.ec','$2y$10$rEyT24dojymZLrmrn3qf5e2kgITTQE8qh2utLhpviYiyF.hqV3o5.','Tesa2025#Admin','Administrador del Sistema','ADMIN',1,'2025-11-13 21:07:06','2026-02-02 14:34:11','2026-02-02 14:34:11'),(3,'jvera@tesa.edu.ec','$2y$10$..UwgcJVjUAbJfavQX03E.RzZVpH4JhRH5ZdbmRq1kvI8fEbgQEfq','Jeremyslen5044','Jeremy Vera','USUARIO',1,'2025-11-14 23:18:47','2025-11-17 16:50:10','2025-11-17 16:50:10'),(4,'dalvarado@tesa.edu.ec','$2y$10$ZNKOsLW0RjlXrmvwBbXqi.EJeeTfMx0f6UHXzMY6lLaq4z.sOgWpW','GViTHr43@5If','Diego Alvarado','ADMIN',1,'2025-11-17 21:01:09','2025-11-18 20:08:55','2025-11-18 20:08:55'),(6,'mcastro@tesa.edu.ec','$2y$10$MrIS.wPTXfuVqfqKZYjnkuwxMI4giIYNoeXmb8fzegIQfwHL5SvUG','$8WicRTQ8C$y','miguel castro','USUARIO',1,'2025-11-18 20:48:18','2025-11-18 20:48:18',NULL);
/*!40000 ALTER TABLE `usuarios` ENABLE KEYS */;
UNLOCK TABLES;
/*!50003 SET @saved_cs_client      = @@character_set_client */ ;
/*!50003 SET @saved_cs_results     = @@character_set_results */ ;
/*!50003 SET @saved_col_connection = @@collation_connection */ ;
/*!50003 SET character_set_client  = utf8mb4 */ ;
/*!50003 SET character_set_results = utf8mb4 */ ;
/*!50003 SET collation_connection  = utf8mb4_unicode_ci */ ;
/*!50003 SET @saved_sql_mode       = @@sql_mode */ ;
/*!50003 SET sql_mode              = 'NO_ZERO_IN_DATE,NO_ZERO_DATE,NO_ENGINE_SUBSTITUTION' */ ;
DELIMITER ;;
/*!50003 CREATE*/ /*!50017 DEFINER=`root`@`localhost`*/ /*!50003 TRIGGER `usuarios_after_insert` 
AFTER INSERT ON `usuarios`
FOR EACH ROW
BEGIN
  INSERT INTO `usuarios_log` (
    `usuario_afectado_id`,
    `usuario_afectado_correo`,
    `accion_realizada`,
    `detalles`
  ) VALUES (
    NEW.id,
    NEW.correo,
    'CREACION',
    CONCAT('Usuario creado con rol: ', NEW.rol)
  );
END */;;
DELIMITER ;
/*!50003 SET sql_mode              = @saved_sql_mode */ ;
/*!50003 SET character_set_client  = @saved_cs_client */ ;
/*!50003 SET character_set_results = @saved_cs_results */ ;
/*!50003 SET collation_connection  = @saved_col_connection */ ;
/*!50003 SET @saved_cs_client      = @@character_set_client */ ;
/*!50003 SET @saved_cs_results     = @@character_set_results */ ;
/*!50003 SET @saved_col_connection = @@collation_connection */ ;
/*!50003 SET character_set_client  = utf8mb4 */ ;
/*!50003 SET character_set_results = utf8mb4 */ ;
/*!50003 SET collation_connection  = utf8mb4_unicode_ci */ ;
/*!50003 SET @saved_sql_mode       = @@sql_mode */ ;
/*!50003 SET sql_mode              = 'NO_ZERO_IN_DATE,NO_ZERO_DATE,NO_ENGINE_SUBSTITUTION' */ ;
DELIMITER ;;
/*!50003 CREATE*/ /*!50017 DEFINER=`root`@`localhost`*/ /*!50003 TRIGGER `usuarios_after_update` 
AFTER UPDATE ON `usuarios`
FOR EACH ROW
BEGIN
  -- Log de cambio de estado (activación/desactivación)
  IF OLD.activo != NEW.activo THEN
    INSERT INTO `usuarios_log` (
      `usuario_afectado_id`,
      `usuario_afectado_correo`,
      `accion_realizada`,
      `detalles`
    ) VALUES (
      NEW.id,
      NEW.correo,
      IF(NEW.activo = 1, 'ACTIVACION', 'DESACTIVACION'),
      IF(NEW.activo = 1, 'Usuario reactivado', 'Usuario suspendido temporalmente')
    );
  END IF;
  
  -- Log de cambio de contraseña
  IF OLD.password != NEW.password THEN
    INSERT INTO `usuarios_log` (
      `usuario_afectado_id`,
      `usuario_afectado_correo`,
      `accion_realizada`,
      `detalles`
    ) VALUES (
      NEW.id,
      NEW.correo,
      'CAMBIO_PASSWORD',
      'Contraseña actualizada'
    );
  END IF;
  
  -- Log de cambio de rol
  IF OLD.rol != NEW.rol THEN
    INSERT INTO `usuarios_log` (
      `usuario_afectado_id`,
      `usuario_afectado_correo`,
      `accion_realizada`,
      `detalles`
    ) VALUES (
      NEW.id,
      NEW.correo,
      'CAMBIO_ROL',
      CONCAT('Rol cambiado de ', OLD.rol, ' a ', NEW.rol)
    );
  END IF;
END */;;
DELIMITER ;
/*!50003 SET sql_mode              = @saved_sql_mode */ ;
/*!50003 SET character_set_client  = @saved_cs_client */ ;
/*!50003 SET character_set_results = @saved_cs_results */ ;
/*!50003 SET collation_connection  = @saved_col_connection */ ;
/*!50003 SET @saved_cs_client      = @@character_set_client */ ;
/*!50003 SET @saved_cs_results     = @@character_set_results */ ;
/*!50003 SET @saved_col_connection = @@collation_connection */ ;
/*!50003 SET character_set_client  = utf8mb4 */ ;
/*!50003 SET character_set_results = utf8mb4 */ ;
/*!50003 SET collation_connection  = utf8mb4_unicode_ci */ ;
/*!50003 SET @saved_sql_mode       = @@sql_mode */ ;
/*!50003 SET sql_mode              = 'NO_ZERO_IN_DATE,NO_ZERO_DATE,NO_ENGINE_SUBSTITUTION' */ ;
DELIMITER ;;
/*!50003 CREATE*/ /*!50017 DEFINER=`root`@`localhost`*/ /*!50003 TRIGGER `usuarios_before_delete` 
BEFORE DELETE ON `usuarios`
FOR EACH ROW
BEGIN
  INSERT INTO `usuarios_log` (
    `usuario_afectado_id`,
    `usuario_afectado_correo`,
    `accion_realizada`,
    `detalles`
  ) VALUES (
    OLD.id,
    OLD.correo,
    'ELIMINACION',
    CONCAT('Usuario eliminado permanentemente. Rol: ', OLD.rol)
  );
END */;;
DELIMITER ;
/*!50003 SET sql_mode              = @saved_sql_mode */ ;
/*!50003 SET character_set_client  = @saved_cs_client */ ;
/*!50003 SET character_set_results = @saved_cs_results */ ;
/*!50003 SET collation_connection  = @saved_col_connection */ ;

--
-- Table structure for table `usuarios_log`
--

DROP TABLE IF EXISTS `usuarios_log`;
/*!40101 SET @saved_cs_client     = @@character_set_client */;
/*!40101 SET character_set_client = utf8 */;
CREATE TABLE `usuarios_log` (
  `id` int(11) NOT NULL AUTO_INCREMENT,
  `usuario_afectado_id` int(11) NOT NULL COMMENT 'ID del usuario sobre el que se realizó la acción',
  `usuario_afectado_correo` varchar(100) NOT NULL COMMENT 'Correo del usuario afectado (por si se elimina)',
  `accion_realizada` enum('CREACION','ACTIVACION','DESACTIVACION','ELIMINACION','CAMBIO_PASSWORD','CAMBIO_ROL') NOT NULL,
  `realizado_por_id` int(11) DEFAULT NULL COMMENT 'ID del admin que realizó la acción',
  `realizado_por_correo` varchar(100) DEFAULT NULL COMMENT 'Correo del admin',
  `detalles` text DEFAULT NULL COMMENT 'Detalles adicionales de la acción',
  `fecha_accion` timestamp NOT NULL DEFAULT current_timestamp(),
  PRIMARY KEY (`id`),
  KEY `idx_usuario_afectado` (`usuario_afectado_id`),
  KEY `idx_realizado_por` (`realizado_por_id`),
  KEY `idx_fecha` (`fecha_accion`)
) ENGINE=InnoDB AUTO_INCREMENT=35 DEFAULT CHARSET=utf8mb4 COLLATE=utf8mb4_unicode_ci;
/*!40101 SET character_set_client = @saved_cs_client */;

--
-- Dumping data for table `usuarios_log`
--

LOCK TABLES `usuarios_log` WRITE;
/*!40000 ALTER TABLE `usuarios_log` DISABLE KEYS */;
INSERT INTO `usuarios_log` VALUES (1,1,'admin@tesa.edu.ec','CAMBIO_PASSWORD',NULL,NULL,'Contraseña actualizada','2025-11-13 21:32:50'),(2,2,'jvera@tesa.edu.ec','CREACION',NULL,NULL,'Usuario creado con rol: USUARIO','2025-11-14 21:22:21'),(3,2,'jvera@tesa.edu.ec','CREACION',1,'admin@tesa.edu.ec','Usuario creado con rol: USUARIO','2025-11-14 21:22:21'),(4,2,'jvera@tesa.edu.ec','CAMBIO_PASSWORD',NULL,NULL,'Contraseña actualizada','2025-11-14 21:23:34'),(5,2,'jvera@tesa.edu.ec','CAMBIO_PASSWORD',1,'admin@tesa.edu.ec','Contraseña actualizada por administrador','2025-11-14 21:23:34'),(6,2,'jvera@tesa.edu.ec','DESACTIVACION',NULL,NULL,'Usuario suspendido temporalmente','2025-11-14 21:24:44'),(7,2,'jvera@tesa.edu.ec','DESACTIVACION',1,'admin@tesa.edu.ec','Usuario suspendido temporalmente','2025-11-14 21:24:44'),(8,2,'jvera@tesa.edu.ec','ELIMINACION',1,'admin@tesa.edu.ec','Usuario eliminado permanentemente. Rol: USUARIO','2025-11-14 21:25:16'),(9,2,'jvera@tesa.edu.ec','ELIMINACION',NULL,NULL,'Usuario eliminado permanentemente. Rol: USUARIO','2025-11-14 21:25:16'),(10,3,'jvera@tesa.edu.ec','CREACION',NULL,NULL,'Usuario creado con rol: USUARIO','2025-11-14 23:18:47'),(11,3,'jvera@tesa.edu.ec','CREACION',1,'admin@tesa.edu.ec','Usuario creado con rol: USUARIO','2025-11-14 23:18:47'),(12,3,'jvera@tesa.edu.ec','CAMBIO_PASSWORD',NULL,NULL,'Contraseña actualizada','2025-11-14 23:20:18'),(13,3,'jvera@tesa.edu.ec','CAMBIO_PASSWORD',1,'admin@tesa.edu.ec','Contraseña actualizada por administrador','2025-11-14 23:20:18'),(14,3,'jvera@tesa.edu.ec','DESACTIVACION',NULL,NULL,'Usuario suspendido temporalmente','2025-11-17 16:16:36'),(15,3,'jvera@tesa.edu.ec','DESACTIVACION',1,'admin@tesa.edu.ec','Usuario suspendido temporalmente','2025-11-17 16:16:36'),(16,3,'jvera@tesa.edu.ec','ACTIVACION',NULL,NULL,'Usuario reactivado','2025-11-17 16:17:47'),(17,3,'jvera@tesa.edu.ec','ACTIVACION',1,'admin@tesa.edu.ec','Usuario reactivado','2025-11-17 16:17:47'),(18,4,'dalvarado@tesa.edu.ec','CREACION',NULL,NULL,'Usuario creado con rol: ADMIN','2025-11-17 21:01:09'),(19,4,'dalvarado@tesa.edu.ec','CREACION',1,'admin@tesa.edu.ec','Usuario creado con rol: ADMIN','2025-11-17 21:01:09'),(20,1,'admin@tesa.edu.ec','CAMBIO_ROL',NULL,NULL,'Rol cambiado de ADMIN a ','2025-11-18 15:03:46'),(21,1,'admin@tesa.edu.ec','CAMBIO_ROL',NULL,NULL,'Rol cambiado de  a SUPERADMIN','2025-11-18 15:38:40'),(22,1,'admin@tesa.edu.ec','CAMBIO_ROL',NULL,NULL,'Rol cambiado de SUPERADMIN a ADMIN','2025-11-18 15:40:29'),(23,1,'admin@tesa.edu.ec','CAMBIO_ROL',NULL,NULL,'Rol cambiado de ADMIN a SUPERADMIN','2025-11-18 15:43:36'),(24,1,'admin@tesa.edu.ec','CAMBIO_ROL',NULL,NULL,'Rol cambiado de SUPERADMIN a ADMIN','2025-11-18 15:48:17'),(25,4,'dalvarado@tesa.edu.ec','DESACTIVACION',NULL,NULL,'Usuario suspendido temporalmente','2025-11-18 17:14:01'),(26,4,'dalvarado@tesa.edu.ec','DESACTIVACION',1,'admin@tesa.edu.ec','Usuario suspendido temporalmente','2025-11-18 17:14:01'),(27,4,'dalvarado@tesa.edu.ec','ACTIVACION',NULL,NULL,'Usuario reactivado','2025-11-18 17:14:57'),(28,4,'dalvarado@tesa.edu.ec','ACTIVACION',1,'admin@tesa.edu.ec','Usuario reactivado','2025-11-18 17:14:57'),(29,5,'mrivera@tesa.edu.ec','CREACION',NULL,NULL,'Usuario creado con rol: USUARIO','2025-11-18 20:43:35'),(30,5,'mrivera@tesa.edu.ec','CREACION',4,'dalvarado@tesa.edu.ec','Usuario creado con rol: USUARIO','2025-11-18 20:43:35'),(31,5,'mrivera@tesa.edu.ec','ELIMINACION',4,'dalvarado@tesa.edu.ec','Usuario eliminado permanentemente. Rol: USUARIO','2025-11-18 20:48:06'),(32,5,'mrivera@tesa.edu.ec','ELIMINACION',NULL,NULL,'Usuario eliminado permanentemente. Rol: USUARIO','2025-11-18 20:48:06'),(33,6,'mcastro@tesa.edu.ec','CREACION',NULL,NULL,'Usuario creado con rol: USUARIO','2025-11-18 20:48:18'),(34,6,'mcastro@tesa.edu.ec','CREACION',4,'dalvarado@tesa.edu.ec','Usuario creado con rol: USUARIO','2025-11-18 20:48:18');
/*!40000 ALTER TABLE `usuarios_log` ENABLE KEYS */;
UNLOCK TABLES;

--
-- Temporary table structure for view `vista_clases_resumen`
--

DROP TABLE IF EXISTS `vista_clases_resumen`;
/*!50001 DROP VIEW IF EXISTS `vista_clases_resumen`*/;
SET @saved_cs_client     = @@character_set_client;
SET character_set_client = utf8;
/*!50001 CREATE VIEW `vista_clases_resumen` AS SELECT
 1 AS `id`,
  1 AS `org_unit_id`,
  1 AS `nrc`,
  1 AS `nombre_completo`,
  1 AS `tiene_syllabus`,
  1 AS `calificacion_final`,
  1 AS `total_documentos`,
  1 AS `periodo_nombre`,
  1 AS `periodo_codigo`,
  1 AS `carrera_nombre`,
  1 AS `carrera_codigo`,
  1 AS `fecha_actualizacion` */;
SET character_set_client = @saved_cs_client;

--
-- Final view structure for view `vista_clases_resumen`
--

/*!50001 DROP VIEW IF EXISTS `vista_clases_resumen`*/;
/*!50001 SET @saved_cs_client          = @@character_set_client */;
/*!50001 SET @saved_cs_results         = @@character_set_results */;
/*!50001 SET @saved_col_connection     = @@collation_connection */;
/*!50001 SET character_set_client      = utf8mb4 */;
/*!50001 SET character_set_results     = utf8mb4 */;
/*!50001 SET collation_connection      = utf8mb4_unicode_ci */;
/*!50001 CREATE ALGORITHM=UNDEFINED */
/*!50013 DEFINER=`root`@`localhost` SQL SECURITY DEFINER */
/*!50001 VIEW `vista_clases_resumen` AS select `c`.`id` AS `id`,`c`.`org_unit_id` AS `org_unit_id`,`c`.`nrc` AS `nrc`,`c`.`nombre_completo` AS `nombre_completo`,`c`.`tiene_syllabus` AS `tiene_syllabus`,`c`.`calificacion_final` AS `calificacion_final`,`c`.`total_documentos` AS `total_documentos`,`p`.`nombre` AS `periodo_nombre`,`p`.`codigo` AS `periodo_codigo`,`car`.`nombre` AS `carrera_nombre`,`car`.`codigo` AS `carrera_codigo`,`c`.`fecha_actualizacion` AS `fecha_actualizacion` from ((`clases` `c` join `periodos` `p` on(`c`.`periodo_id` = `p`.`id`)) left join `carreras` `car` on(`c`.`carrera_id` = `car`.`id`)) where `p`.`activo` = 1 order by `p`.`codigo` desc,`car`.`nombre`,`c`.`nombre_completo` */;
/*!50001 SET character_set_client      = @saved_cs_client */;
/*!50001 SET character_set_results     = @saved_cs_results */;
/*!50001 SET collation_connection      = @saved_col_connection */;
/*!40103 SET TIME_ZONE=@OLD_TIME_ZONE */;

/*!40101 SET SQL_MODE=@OLD_SQL_MODE */;
/*!40014 SET FOREIGN_KEY_CHECKS=@OLD_FOREIGN_KEY_CHECKS */;
/*!40014 SET UNIQUE_CHECKS=@OLD_UNIQUE_CHECKS */;
/*!40101 SET CHARACTER_SET_CLIENT=@OLD_CHARACTER_SET_CLIENT */;
/*!40101 SET CHARACTER_SET_RESULTS=@OLD_CHARACTER_SET_RESULTS */;
/*!40101 SET COLLATION_CONNECTION=@OLD_COLLATION_CONNECTION */;
/*!40111 SET SQL_NOTES=@OLD_SQL_NOTES */;

-- Dump completed on 2026-02-02 10:52:46
